08:28:51 [WARNING] [GameBot.Vision] File template 'claim_btn' không tồn tại: D:\python\martial-fighterz-supports\images\claim_button.png
08:28:51 [INFO] [GameBot.Core] Đang khởi động GameBot...
08:28:51 [INFO] [GameBot.Capture] Đang khởi tạo kết nối tới thiết bị mặc định...
08:28:51 [ERROR] [GameBot.Capture] Lỗi khởi tạo adbutils: No module named 'adbutils'
08:34:02 [INFO] [GameBot.Core] Đang khởi động GameBot...
08:34:02 [INFO] [GameBot.Capture] Đang kết nối tới thiết bị LDPlayer (mặc định)...
08:43:49 [INFO] [GameBot.Core] Đang khởi động GameBot...
08:43:49 [INFO] [GameBot.Capture] Đang tìm kiếm thiết bị Android (Tự động quét)...
08:43:49 [ERROR] [GameBot.Capture] ❌ Không tìm thấy thiết bị Android nào!
08:43:49 [ERROR] [GameBot.Capture] 👉 Hãy mở MuMu Player và gõ lệnh kết nối thủ công: adb connect 127.0.0.1:16384
08:43:49 [INFO] [GameBot.Core] GameBot đã sẵn sàng hoạt động.
08:43:50 [INFO] [GameBot.Core] === [STATE] Tìm & Click Kim Cương (VIP9) ===
08:43:50 [INFO] [GameBot.Core] [VIP9] Bước 1: Quét các dòng 1, 2, 3 ban đầu...
08:43:50 [ERROR] [GameBot.Capture] Lỗi chụp màn hình: [WinError 2] The system cannot find the file specified
08:43:50 [INFO] [GameBot.Core] Đang dừng GameBot...
08:43:50 [INFO] [GameBot.Capture] FastCapture đã dừng.
08:43:50 [INFO] [GameBot.Core] GameBot đã dừng.
08:45:13 [INFO] [GameBot.Core] Đang khởi động GameBot...
08:45:13 [INFO] [GameBot.Capture] Đang sử dụng ADB tại: 'C:\Users\chudu\AppData\Local\Programs\Python\Python313\Lib\site-packages\adbutils\binaries\adb.exe'
08:45:13 [INFO] [GameBot.Capture] Đang tìm kiếm thiết bị Android (Tự động kết nối)...
08:45:13 [INFO] [GameBot.Capture] ✅ Đã tự động chọn thiết bị: emulator-5554
08:45:13 [INFO] [GameBot.Core] GameBot đã sẵn sàng hoạt động.
08:45:14 [INFO] [GameBot.Core] === [STATE] Tìm & Click Kim Cương (VIP9) ===
08:45:14 [INFO] [GameBot.Core] [VIP9] Bước 1: Quét các dòng 1, 2, 3 ban đầu...
08:45:15 [WARNING] [GameBot.Vision] Không có dòng nào đạt ngưỡng tối thiểu 0.75. Điểm cao nhất ở dòng #1: 0.387. Điểm tất cả: [0.387, 0.384, 0.341]
08:45:16 [WARNING] [GameBot.Vision] Không có dòng nào đạt ngưỡng tối thiểu 0.75. Điểm cao nhất ở dòng #1: 0.387. Điểm tất cả: [0.387, 0.384, 0.34]
08:45:17 [WARNING] [GameBot.Vision] Không có dòng nào đạt ngưỡng tối thiểu 0.75. Điểm cao nhất ở dòng #1: 0.387. Điểm tất cả: [0.387, 0.384, 0.354]
08:45:18 [WARNING] [GameBot.Vision] Không có dòng nào đạt ngưỡng tối thiểu 0.75. Điểm cao nhất ở dòng #1: 0.387. Điểm tất cả: [0.387, 0.384, 0.347]
08:45:18 [INFO] [GameBot.Core] [VIP9] Chưa thấy Kim Cương ở 3 dòng đầu -> Cuộn khay item lên để kiểm tra Dòng 4...
08:45:18 [INFO] [GameBot.Core] [VIP9] Đang cuộn khay item lên: từ (540, 1536) -> (540, 1113)...
08:45:20 [WARNING] [GameBot.Vision] Không có dòng nào đạt ngưỡng tối thiểu 0.75. Điểm cao nhất ở dòng #2: 0.341. Điểm tất cả: [0.34, 0.341]
08:45:21 [WARNING] [GameBot.Vision] Không có dòng nào đạt ngưỡng tối thiểu 0.75. Điểm cao nhất ở dòng #2: 0.338. Điểm tất cả: [0.338, 0.338]
08:45:22 [WARNING] [GameBot.Vision] Không có dòng nào đạt ngưỡng tối thiểu 0.75. Điểm cao nhất ở dòng #2: 0.361. Điểm tất cả: [0.36, 0.361]
08:45:23 [WARNING] [GameBot.Vision] Không có dòng nào đạt ngưỡng tối thiểu 0.75. Điểm cao nhất ở dòng #2: 0.338. Điểm tất cả: [0.338, 0.338]
08:45:23 [INFO] [GameBot.Core] Đang dừng GameBot...
08:45:23 [INFO] [GameBot.Capture] FastCapture đã dừng.
08:45:23 [INFO] [GameBot.Core] GameBot đã dừng.
08:49:04 [INFO] [GameBot.Core] Đang khởi động GameBot...
08:49:04 [INFO] [GameBot.Capture] Đang sử dụng ADB tại: 'C:\Users\chudu\AppData\Local\Programs\Python\Python313\Lib\site-packages\adbutils\binaries\adb.exe'
08:49:04 [INFO] [GameBot.Capture] Đang tìm kiếm thiết bị Android (Tự động kết nối)...
08:49:05 [INFO] [GameBot.Capture] ✅ Đã tự động chọn thiết bị: emulator-5554
08:49:05 [INFO] [GameBot.Core] GameBot đã sẵn sàng hoạt động.
08:49:06 [INFO] [GameBot.Core] === [STATE] Tìm & Click Kim Cương (VIP9) ===
08:49:06 [INFO] [GameBot.Core] [VIP9] Bước 1: Quét các dòng 1, 2, 3 ban đầu...
08:49:06 [INFO] [GameBot.Vision] Frame (1080x1920) -> Điểm quét từng dòng: [0.185, 0.206, 0.123] (Dòng cao nhất: #2: 0.206)
08:49:06 [WARNING] [GameBot.Vision] Không có dòng nào đạt ngưỡng 0.75 (Điểm cao nhất: #2 = 0.206)
08:49:07 [INFO] [GameBot.Vision] Frame (1080x1920) -> Điểm quét từng dòng: [0.185, 0.206, 0.123] (Dòng cao nhất: #2: 0.206)
08:49:07 [WARNING] [GameBot.Vision] Không có dòng nào đạt ngưỡng 0.75 (Điểm cao nhất: #2 = 0.206)
08:49:08 [INFO] [GameBot.Vision] Frame (1080x1920) -> Điểm quét từng dòng: [0.185, 0.206, 0.123] (Dòng cao nhất: #2: 0.206)
08:49:08 [WARNING] [GameBot.Vision] Không có dòng nào đạt ngưỡng 0.75 (Điểm cao nhất: #2 = 0.206)
08:49:10 [INFO] [GameBot.Vision] Frame (1080x1920) -> Điểm quét từng dòng: [0.185, 0.206, 0.123] (Dòng cao nhất: #2: 0.206)
08:49:10 [WARNING] [GameBot.Vision] Không có dòng nào đạt ngưỡng 0.75 (Điểm cao nhất: #2 = 0.206)
08:49:10 [INFO] [GameBot.Core] [VIP9] Chưa thấy Kim Cương ở 3 dòng đầu -> Cuộn khay item lên để kiểm tra Dòng 4...
08:49:10 [INFO] [GameBot.Core] [VIP9] Đang cuộn khay item lên: từ (540, 1536) -> (540, 1113)...
08:49:11 [INFO] [GameBot.Vision] Frame (1080x1920) -> Điểm quét từng dòng: [0.192, 0.207] (Dòng cao nhất: #2: 0.207)
08:49:11 [WARNING] [GameBot.Vision] Không có dòng nào đạt ngưỡng 0.75 (Điểm cao nhất: #2 = 0.207)
08:49:12 [INFO] [GameBot.Vision] Frame (1080x1920) -> Điểm quét từng dòng: [0.185, 0.206] (Dòng cao nhất: #2: 0.206)
08:49:12 [WARNING] [GameBot.Vision] Không có dòng nào đạt ngưỡng 0.75 (Điểm cao nhất: #2 = 0.206)
08:49:13 [INFO] [GameBot.Vision] Frame (1080x1920) -> Điểm quét từng dòng: [0.185, 0.206] (Dòng cao nhất: #2: 0.206)
08:49:13 [WARNING] [GameBot.Vision] Không có dòng nào đạt ngưỡng 0.75 (Điểm cao nhất: #2 = 0.206)
08:49:14 [INFO] [GameBot.Vision] Frame (1080x1920) -> Điểm quét từng dòng: [0.185, 0.206] (Dòng cao nhất: #2: 0.206)
08:49:14 [WARNING] [GameBot.Vision] Không có dòng nào đạt ngưỡng 0.75 (Điểm cao nhất: #2 = 0.206)
08:49:15 [INFO] [GameBot.Core] Đang dừng GameBot...
08:49:15 [INFO] [GameBot.Capture] FastCapture đã dừng.
08:49:15 [INFO] [GameBot.Core] GameBot đã dừng.
08:49:57 [INFO] [GameBot.Core] Đang khởi động GameBot...
08:49:57 [INFO] [GameBot.Capture] Đang sử dụng ADB tại: 'C:\Users\chudu\AppData\Local\Programs\Python\Python313\Lib\site-packages\adbutils\binaries\adb.exe'
08:49:57 [INFO] [GameBot.Capture] Đang tìm kiếm thiết bị Android (Tự động kết nối)...
08:49:57 [INFO] [GameBot.Capture] ✅ Đã tự động chọn thiết bị: emulator-5554
08:49:57 [INFO] [GameBot.Core] GameBot đã sẵn sàng hoạt động.
08:49:58 [INFO] [GameBot.Core] === [STATE] Tìm & Click Kim Cương (VIP9) ===
08:49:58 [INFO] [GameBot.Core] [VIP9] Bước 1: Quét các dòng 1, 2, 3 ban đầu...
08:49:59 [INFO] [GameBot.Vision] Frame (1080x1920) -> Điểm quét từng dòng: [0.967, 0.677, 0.515] (Dòng cao nhất: #1: 0.967)
08:49:59 [INFO] [GameBot.Core] 💎 [VIP9 (Phase 1)] Phát hiện Kim Cương ở DÒNG #1 (conf: 0.967). Click chính giữa dòng tại (539, 1243)
08:49:59 [INFO] [GameBot.Core] [Click Center Row #1] -> Tap tại điểm giữa (539, 1243)
08:50:00 [INFO] [GameBot.Core] Đang dừng GameBot...
08:50:00 [INFO] [GameBot.Capture] FastCapture đã dừng.
08:50:00 [INFO] [GameBot.Core] GameBot đã dừng.
08:50:33 [INFO] [GameBot.Core] Đang khởi động GameBot...
08:50:33 [INFO] [GameBot.Capture] Đang sử dụng ADB tại: 'C:\Users\chudu\AppData\Local\Programs\Python\Python313\Lib\site-packages\adbutils\binaries\adb.exe'
08:50:33 [INFO] [GameBot.Capture] Đang tìm kiếm thiết bị Android (Tự động kết nối)...
08:50:33 [INFO] [GameBot.Capture] ✅ Đã tự động chọn thiết bị: emulator-5554
08:50:33 [INFO] [GameBot.Core] GameBot đã sẵn sàng hoạt động.
08:50:34 [INFO] [GameBot.Core] === [STATE] Tìm & Click Kim Cương (VIP9) ===
08:50:34 [INFO] [GameBot.Core] [VIP9] Bước 1: Quét các dòng 1, 2, 3 ban đầu...
08:50:35 [INFO] [GameBot.Vision] Frame (1080x1920) -> Điểm quét từng dòng: [0.96, 0.668, 0.5] (Dòng cao nhất: #1: 0.960)
08:50:35 [INFO] [GameBot.Core] 💎 [VIP9 (Phase 1)] Phát hiện Kim Cương ở DÒNG #1 (conf: 0.960). Click chính giữa dòng tại (539, 1243)
08:50:35 [INFO] [GameBot.Core] [Click Center Row #1] -> Tap tại điểm giữa (539, 1243)
08:50:35 [INFO] [GameBot.Core] Đang dừng GameBot...
08:50:35 [INFO] [GameBot.Capture] FastCapture đã dừng.
08:50:35 [INFO] [GameBot.Core] GameBot đã dừng.
08:52:52 [DEBUG] [GameBot.Vision] Đã nạp template 'kim_cuong': kích thước gốc 85x85
08:52:52 [DEBUG] [GameBot.Vision] Đã nạp template 'vip7_tab': kích thước gốc 60x62
08:52:52 [DEBUG] [GameBot.Vision] Đã nạp template 'vip9_tab': kích thước gốc 60x62
08:52:52 [DEBUG] [GameBot.Vision] Đã nạp template 'even_btn': kích thước gốc 84x84
08:52:52 [DEBUG] [GameBot.Vision] Đã nạp template 'odd_btn': kích thước gốc 84x84
08:52:52 [DEBUG] [GameBot.Vision] File template 'claim_btn' chưa có (sẽ dùng toạ độ fallback): D:\python\martial-fighterz-supports\images\claim_button.png
08:52:52 [DEBUG] [GameBot.Vision] Đã nạp template 'reset_btn': kích thước gốc 130x40
08:52:52 [INFO] [GameBot.Core] Đang khởi động GameBot...
08:52:52 [INFO] [GameBot.Capture] Đang sử dụng ADB tại: 'C:\Users\chudu\AppData\Local\Programs\Python\Python313\Lib\site-packages\adbutils\binaries\adb.exe'
08:52:52 [INFO] [GameBot.Capture] Đang tìm kiếm thiết bị Android (Tự động kết nối)...
08:52:52 [INFO] [GameBot.Capture] ✅ Đã tự động chọn thiết bị: emulator-5554
08:52:52 [INFO] [GameBot.Core] GameBot đã sẵn sàng hoạt động.
08:52:52 [INFO] [GameBot.Core] 
==================== BẮT ĐẦU VÒNG #1 ====================
08:52:52 [INFO] [GameBot.Core] === [STATE] Vào Tab VIP7 ===
08:52:53 [INFO] [GameBot.Core] [Click Tab VIP7] Tìm thấy 'vip7_tab' (conf: 0.98) tại (852, 437)
08:52:53 [INFO] [GameBot.Core] [Click Tab VIP7] -> Tap tại điểm giữa (852, 437)
08:52:54 [INFO] [GameBot.Core] === [STATE] Tìm & Click Kim Cương (VIP7) ===
08:52:55 [DEBUG] [GameBot.Vision] File template 'kim_cuong_inner' chưa có (sẽ dùng toạ độ fallback): kim_cuong_inner
08:52:55 [DEBUG] [GameBot.Vision] File template 'kim_cuong_inner' chưa có (sẽ dùng toạ độ fallback): kim_cuong_inner
08:52:55 [DEBUG] [GameBot.Vision] File template 'kim_cuong_inner' chưa có (sẽ dùng toạ độ fallback): kim_cuong_inner
08:52:55 [INFO] [GameBot.Vision] Frame (1080x1920) -> Điểm quét từng dòng: [0.419, 0.326, 0.377] (Dòng cao nhất: #1: 0.419)
08:52:55 [WARNING] [GameBot.Vision] Không có dòng nào đạt ngưỡng 0.75 (Điểm cao nhất: #1 = 0.419)
08:52:55 [DEBUG] [GameBot.Core] [VIP7] Lần thử 1: Chưa khớp Kim Cương. Scores: [0.42, 0.33, 0.38]
08:52:56 [DEBUG] [GameBot.Vision] File template 'kim_cuong_inner' chưa có (sẽ dùng toạ độ fallback): kim_cuong_inner
08:52:56 [DEBUG] [GameBot.Vision] File template 'kim_cuong_inner' chưa có (sẽ dùng toạ độ fallback): kim_cuong_inner
08:52:56 [DEBUG] [GameBot.Vision] File template 'kim_cuong_inner' chưa có (sẽ dùng toạ độ fallback): kim_cuong_inner
08:52:56 [INFO] [GameBot.Vision] Frame (1080x1920) -> Điểm quét từng dòng: [0.419, 0.325, 0.375] (Dòng cao nhất: #1: 0.419)
08:52:56 [WARNING] [GameBot.Vision] Không có dòng nào đạt ngưỡng 0.75 (Điểm cao nhất: #1 = 0.419)
08:52:56 [DEBUG] [GameBot.Core] [VIP7] Lần thử 2: Chưa khớp Kim Cương. Scores: [0.42, 0.33, 0.37]
08:52:57 [DEBUG] [GameBot.Vision] File template 'kim_cuong_inner' chưa có (sẽ dùng toạ độ fallback): kim_cuong_inner
08:52:57 [DEBUG] [GameBot.Vision] File template 'kim_cuong_inner' chưa có (sẽ dùng toạ độ fallback): kim_cuong_inner
08:52:57 [DEBUG] [GameBot.Vision] File template 'kim_cuong_inner' chưa có (sẽ dùng toạ độ fallback): kim_cuong_inner
08:52:57 [INFO] [GameBot.Vision] Frame (1080x1920) -> Điểm quét từng dòng: [0.418, 0.326, 0.374] (Dòng cao nhất: #1: 0.418)
08:52:57 [WARNING] [GameBot.Vision] Không có dòng nào đạt ngưỡng 0.75 (Điểm cao nhất: #1 = 0.418)
08:52:57 [DEBUG] [GameBot.Core] [VIP7] Lần thử 3: Chưa khớp Kim Cương. Scores: [0.42, 0.33, 0.37]
08:52:58 [DEBUG] [GameBot.Vision] File template 'kim_cuong_inner' chưa có (sẽ dùng toạ độ fallback): kim_cuong_inner
08:52:58 [DEBUG] [GameBot.Vision] File template 'kim_cuong_inner' chưa có (sẽ dùng toạ độ fallback): kim_cuong_inner
08:52:58 [DEBUG] [GameBot.Vision] File template 'kim_cuong_inner' chưa có (sẽ dùng toạ độ fallback): kim_cuong_inner
08:52:59 [INFO] [GameBot.Vision] Frame (1080x1920) -> Điểm quét từng dòng: [0.417, 0.324, 0.376] (Dòng cao nhất: #1: 0.417)
08:52:59 [WARNING] [GameBot.Vision] Không có dòng nào đạt ngưỡng 0.75 (Điểm cao nhất: #1 = 0.417)
08:52:59 [DEBUG] [GameBot.Core] [VIP7] Lần thử 4: Chưa khớp Kim Cương. Scores: [0.42, 0.32, 0.38]
08:52:59 [WARNING] [GameBot.Core] [VIP7] Không có Kim Cương trong VIP7, chuyển sang VIP9...
08:52:59 [INFO] [GameBot.Core] === [STATE] Vào Tab VIP9 ===
08:53:00 [INFO] [GameBot.Core] [Click Tab VIP9] Tìm thấy 'vip9_tab' (conf: 0.98) tại (991, 437)
08:53:00 [INFO] [GameBot.Core] [Click Tab VIP9] -> Tap tại điểm giữa (991, 437)
08:53:01 [INFO] [GameBot.Core] === [STATE] Tìm & Click Kim Cương (VIP9) ===
08:53:01 [INFO] [GameBot.Core] [VIP9] Bước 1: Quét các dòng 1, 2, 3 ban đầu...
08:53:01 [DEBUG] [GameBot.Vision] File template 'kim_cuong_inner' chưa có (sẽ dùng toạ độ fallback): kim_cuong_inner
08:53:01 [DEBUG] [GameBot.Vision] File template 'kim_cuong_inner' chưa có (sẽ dùng toạ độ fallback): kim_cuong_inner
08:53:01 [DEBUG] [GameBot.Vision] File template 'kim_cuong_inner' chưa có (sẽ dùng toạ độ fallback): kim_cuong_inner
08:53:02 [INFO] [GameBot.Vision] Frame (1080x1920) -> Điểm quét từng dòng: [0.959, 0.668, 0.5] (Dòng cao nhất: #1: 0.959)
08:53:02 [INFO] [GameBot.Core] 💎 [VIP9 (Phase 1)] Phát hiện Kim Cương ở DÒNG #1 (conf: 0.959). Click chính giữa dòng tại (539, 1243)
08:53:02 [INFO] [GameBot.Core] [Click Center Row #1] -> Tap tại điểm giữa (539, 1243)
08:53:02 [INFO] [GameBot.Core] === [STATE] Chọn EVEN (Chiến lược: random) ===
08:53:04 [INFO] [GameBot.Core] [Select EVEN] Tìm thấy 'even_btn' (conf: 1.00) tại (945, 811)
08:53:04 [INFO] [GameBot.Core] [Select EVEN] -> Tap tại điểm giữa (945, 811)
08:53:04 [INFO] [GameBot.Core] === [STATE] Bấm Reset (Refresh) ===
08:53:05 [INFO] [GameBot.Core] [Reset Cycle] Dùng toạ độ cố định (137, 445)
08:53:05 [INFO] [GameBot.Core] [Reset Cycle] -> Tap tại điểm giữa (137, 445)
08:53:06 [INFO] [GameBot.Core] ✅ Hoàn thành vòng #1 trong 14.12s!
08:53:06 [INFO] [GameBot.Core] Đang dừng GameBot...
08:53:06 [INFO] [GameBot.Capture] FastCapture đã dừng.
08:53:06 [INFO] [GameBot.Core] GameBot đã dừng.
09:17:56 [DEBUG] [GameBot.Vision] Đã nạp template 'kim_cuong': kích thước gốc 85x85
09:17:56 [DEBUG] [GameBot.Vision] Đã nạp template 'kim_cuong_inner': kích thước gốc 72x60
09:17:56 [DEBUG] [GameBot.Vision] Đã nạp template 'vip7_tab': kích thước gốc 60x62
09:17:56 [DEBUG] [GameBot.Vision] Đã nạp template 'vip9_tab': kích thước gốc 60x62
09:17:56 [DEBUG] [GameBot.Vision] Đã nạp template 'even_btn': kích thước gốc 84x84
09:17:56 [DEBUG] [GameBot.Vision] Đã nạp template 'odd_btn': kích thước gốc 84x84
09:17:56 [DEBUG] [GameBot.Vision] Đã nạp template 'rut_lui_btn': kích thước gốc 140x46
09:17:56 [DEBUG] [GameBot.Vision] Đã nạp template 'ok_btn': kích thước gốc 105x45
09:17:56 [DEBUG] [GameBot.Vision] Đã nạp template 'reset_btn': kích thước gốc 130x40
09:17:56 [INFO] [GameBot.Core] Đang khởi động GameBot...
09:17:56 [INFO] [GameBot.Capture] Đang sử dụng ADB tại: 'C:\Users\chudu\AppData\Local\Programs\Python\Python313\Lib\site-packages\adbutils\binaries\adb.exe'
09:17:56 [INFO] [GameBot.Capture] Đang tìm kiếm thiết bị Android (Tự động kết nối)...
09:17:56 [INFO] [GameBot.Capture] ✅ Đã tự động chọn thiết bị: emulator-5554
09:17:56 [INFO] [GameBot.Core] GameBot đã sẵn sàng hoạt động.
09:17:56 [INFO] [GameBot.Core] 
==================== BẮT ĐẦU VÒNG #1 ====================
09:17:56 [INFO] [GameBot.Core] === [STATE] Vào Tab VIP7 ===
09:17:57 [INFO] [GameBot.Core] [Click Tab VIP7] Tìm thấy 'vip7_tab' (conf: 0.98) tại (852, 437)
09:17:57 [INFO] [GameBot.Core] [Click Tab VIP7] -> Tap tại điểm (852, 437)
09:17:59 [INFO] [GameBot.Vision] Frame (1080x1920) -> Điểm quét từng dòng: [0.419, 0.326, 0.377] (Dòng cao nhất: #1: 0.419)
09:17:59 [WARNING] [GameBot.Vision] Không có dòng nào đạt ngưỡng 0.70 (Điểm cao nhất: #1 = 0.419)
09:17:59 [INFO] [GameBot.Core] [VIP7] Không còn dòng Kim Cương nào chưa chơi trong VIP7.
09:17:59 [INFO] [GameBot.Core] === [STATE] Vào Tab VIP9 ===
09:18:00 [INFO] [GameBot.Core] [Click Tab VIP9] Tìm thấy 'vip9_tab' (conf: 0.98) tại (991, 437)
09:18:00 [INFO] [GameBot.Core] [Click Tab VIP9] -> Tap tại điểm (991, 437)
09:18:02 [INFO] [GameBot.Vision] Frame (1080x1920) -> Điểm quét từng dòng: [0.959, 0.668, 0.499] (Dòng cao nhất: #1: 0.959)
09:18:02 [INFO] [GameBot.Core] 💎 [VIP9] Phát hiện Kim Cương ở DÒNG #1 (conf: 0.959). Click tại (539, 1243)
09:18:02 [INFO] [GameBot.Core] [Click Center Row #1] -> Tap tại điểm (539, 1243)
09:18:02 [INFO] [GameBot.Core] --- [CHƠI DÒNG KIM CƯƠNG (VIP9)] Chuỗi tối đa 3 lượt nhận quà ---
09:18:02 [INFO] [GameBot.Core] 👉 [VIP9] Lượt chơi #1/3...
09:18:02 [INFO] [GameBot.Core] [EVEN] Bấm chọn nút EVEN...
09:18:04 [INFO] [GameBot.Core] [Select EVEN] Tìm thấy 'even_btn' (conf: 1.00) tại (945, 811)
09:18:04 [INFO] [GameBot.Core] [Select EVEN] -> Tap tại điểm (945, 811)
09:18:10 [INFO] [GameBot.Core] 🎉 [Nhận quà] Bấm 'Rút lui' tại (537, 1209)
09:18:10 [INFO] [GameBot.Core] [Click Rut Lui] -> Tap tại điểm (537, 1209)
09:18:11 [INFO] [GameBot.Core] 👉 [VIP9] Lượt chơi #2/3...
09:18:11 [INFO] [GameBot.Core] [ODD] Bấm chọn nút ODD...
09:18:12 [INFO] [GameBot.Core] [Select ODD] Tìm thấy 'odd_btn' (conf: 0.99) tại (945, 629)
09:18:12 [INFO] [GameBot.Core] [Select ODD] -> Tap tại điểm (945, 629)
09:18:17 [INFO] [GameBot.Core] 🎉 [Nhận quà] Bấm 'Rút lui' tại (537, 1209)
09:18:17 [INFO] [GameBot.Core] [Click Rut Lui] -> Tap tại điểm (537, 1209)
09:18:17 [INFO] [GameBot.Core] 👉 [VIP9] Lượt chơi #3/3...
09:18:17 [INFO] [GameBot.Core] [EVEN] Bấm chọn nút EVEN...
09:18:19 [INFO] [GameBot.Core] [Select EVEN] Tìm thấy 'even_btn' (conf: 1.00) tại (945, 811)
09:18:19 [INFO] [GameBot.Core] [Select EVEN] -> Tap tại điểm (945, 811)
09:18:23 [INFO] [GameBot.Core] 🎉 [Nhận quà] Bấm 'Rút lui' tại (537, 1209)
09:18:23 [INFO] [GameBot.Core] [Click Rut Lui] -> Tap tại điểm (537, 1209)
09:18:24 [INFO] [GameBot.Core] ✅ [VIP9] Đã hoàn thành đủ 3 lượt nhận quà của dòng này.
09:18:24 [INFO] [GameBot.Core] Đang dừng GameBot...
09:18:24 [INFO] [GameBot.Capture] FastCapture đã dừng.
09:18:24 [INFO] [GameBot.Core] GameBot đã dừng.
09:19:54 [DEBUG] [GameBot.Vision] Đã nạp template 'kim_cuong': kích thước gốc 85x85
09:19:54 [DEBUG] [GameBot.Vision] Đã nạp template 'kim_cuong_inner': kích thước gốc 72x60
09:19:54 [DEBUG] [GameBot.Vision] Đã nạp template 'vip7_tab': kích thước gốc 60x62
09:19:54 [DEBUG] [GameBot.Vision] Đã nạp template 'vip9_tab': kích thước gốc 60x62
09:19:54 [DEBUG] [GameBot.Vision] Đã nạp template 'even_btn': kích thước gốc 84x84
09:19:54 [DEBUG] [GameBot.Vision] Đã nạp template 'odd_btn': kích thước gốc 84x84
09:19:54 [DEBUG] [GameBot.Vision] Đã nạp template 'rut_lui_btn': kích thước gốc 140x46
09:19:54 [DEBUG] [GameBot.Vision] Đã nạp template 'ok_btn': kích thước gốc 105x45
09:19:54 [DEBUG] [GameBot.Vision] Đã nạp template 'reset_btn': kích thước gốc 130x40
09:19:54 [INFO] [GameBot.Core] Đang khởi động GameBot...
09:19:54 [INFO] [GameBot.Capture] Đang sử dụng ADB tại: 'C:\Users\chudu\AppData\Local\Programs\Python\Python313\Lib\site-packages\adbutils\binaries\adb.exe'
09:19:54 [INFO] [GameBot.Capture] Đang tìm kiếm thiết bị Android (Tự động kết nối)...
09:19:54 [INFO] [GameBot.Capture] ✅ Đã tự động chọn thiết bị: emulator-5554
09:19:54 [INFO] [GameBot.Core] GameBot đã sẵn sàng hoạt động.
09:19:54 [INFO] [GameBot.Core] 
==================== BẮT ĐẦU VÒNG #1 ====================
09:19:54 [INFO] [GameBot.Core] === [STATE] Vào Tab VIP7 ===
09:19:55 [INFO] [GameBot.Core] [Click Tab VIP7] Tìm thấy 'vip7_tab' (conf: 0.98) tại (852, 437)
09:19:55 [INFO] [GameBot.Core] [Click Tab VIP7] -> Tap tại điểm (852, 437)
09:19:56 [INFO] [GameBot.Vision] Frame (1080x1920) -> Điểm quét từng dòng: [0.417, 0.326, 0.377] (Dòng cao nhất: #1: 0.417)
09:19:56 [WARNING] [GameBot.Vision] Không có dòng nào đạt ngưỡng 0.70 (Điểm cao nhất: #1 = 0.417)
09:19:56 [INFO] [GameBot.Core] [VIP7] Không còn dòng Kim Cương nào chưa chơi trong VIP7.
09:19:56 [INFO] [GameBot.Core] === [STATE] Vào Tab VIP9 ===
09:19:58 [INFO] [GameBot.Core] [Click Tab VIP9] Tìm thấy 'vip9_tab' (conf: 0.98) tại (991, 437)
09:19:58 [INFO] [GameBot.Core] [Click Tab VIP9] -> Tap tại điểm (991, 437)
09:19:58 [INFO] [GameBot.Core] Đang dừng GameBot...
09:19:58 [INFO] [GameBot.Capture] FastCapture đã dừng.
09:19:58 [INFO] [GameBot.Core] GameBot đã dừng.
09:20:00 [INFO] [GameBot.Core] Đang khởi động GameBot...
09:20:00 [INFO] [GameBot.Capture] Đang sử dụng ADB tại: 'C:\Users\chudu\AppData\Local\Programs\Python\Python313\Lib\site-packages\adbutils\binaries\adb.exe'
09:20:00 [INFO] [GameBot.Capture] Đang tìm kiếm thiết bị Android (Tự động kết nối)...
09:20:00 [INFO] [GameBot.Capture] ✅ Đã tự động chọn thiết bị: emulator-5554
09:20:00 [INFO] [GameBot.Core] GameBot đã sẵn sàng hoạt động.
09:20:00 [INFO] [GameBot.Core] Bắt đầu vòng lặp vô hạn. Nhấn Ctrl+C để dừng.
09:20:00 [INFO] [GameBot.Core] 
==================== BẮT ĐẦU VÒNG #1 ====================
09:20:00 [INFO] [GameBot.Core] === [STATE] Vào Tab VIP7 ===
09:20:01 [INFO] [GameBot.Core] [Click Tab VIP7] Tìm thấy 'vip7_tab' (conf: 0.98) tại (852, 437)
09:20:01 [INFO] [GameBot.Core] [Click Tab VIP7] -> Tap tại điểm (852, 437)
09:20:03 [INFO] [GameBot.Vision] Frame (1080x1920) -> Điểm quét từng dòng: [0.417, 0.327, 0.377] (Dòng cao nhất: #1: 0.417)
09:20:03 [WARNING] [GameBot.Vision] Không có dòng nào đạt ngưỡng 0.70 (Điểm cao nhất: #1 = 0.417)
09:20:03 [INFO] [GameBot.Core] [VIP7] Không còn dòng Kim Cương nào chưa chơi trong VIP7.
09:20:03 [INFO] [GameBot.Core] === [STATE] Vào Tab VIP9 ===
09:20:04 [INFO] [GameBot.Core] [Click Tab VIP9] Tìm thấy 'vip9_tab' (conf: 0.98) tại (991, 437)
09:20:04 [INFO] [GameBot.Core] [Click Tab VIP9] -> Tap tại điểm (991, 437)
09:20:06 [INFO] [GameBot.Vision] Frame (1080x1920) -> Điểm quét từng dòng: [0.959, 0.682, 0.481] (Dòng cao nhất: #1: 0.959)
09:20:06 [INFO] [GameBot.Core] 💎 [VIP9] Phát hiện Kim Cương ở DÒNG #1 (conf: 0.959). Click tại (539, 1243)
09:20:06 [INFO] [GameBot.Core] [Click Center Row #1] -> Tap tại điểm (539, 1243)
09:20:06 [INFO] [GameBot.Core] --- [CHƠI DÒNG KIM CƯƠNG (VIP9)] Chuỗi tối đa 3 lượt nhận quà ---
09:20:06 [INFO] [GameBot.Core] 👉 [VIP9] Lượt chơi #1/3...
09:20:06 [INFO] [GameBot.Core] [EVEN] Bấm chọn nút EVEN...
09:20:08 [INFO] [GameBot.Core] [Select EVEN] Tìm thấy 'even_btn' (conf: 1.00) tại (945, 811)
09:20:08 [INFO] [GameBot.Core] [Select EVEN] -> Tap tại điểm (945, 811)
09:20:09 [WARNING] [GameBot.Core] ⚠️ [Kho đồ] Hết nguyên liệu đổi Kim Cương! Bấm OK tại (509, 1679)
09:20:09 [INFO] [GameBot.Core] [Click OK (Het vat pham)] -> Tap tại điểm (509, 1679)
09:20:10 [WARNING] [GameBot.Core] [VIP9] Dòng này đã hết nguyên liệu đổi ở lượt #1. Đã bấm OK để chuyển dòng khác!
09:20:11 [INFO] [GameBot.Vision] Frame (1080x1920) -> Điểm quét từng dòng: [0.683, 0.49] (Dòng cao nhất: #1: 0.683)
09:20:11 [WARNING] [GameBot.Vision] Không có dòng nào đạt ngưỡng 0.70 (Điểm cao nhất: #1 = 0.683)
09:20:11 [INFO] [GameBot.Core] [VIP9] Cuộn khay item lên để kiểm tra Dòng 4...
09:20:11 [INFO] [GameBot.Core] [VIP9] Đang cuộn khay item lên: từ (540, 1536) -> (540, 1113)...
09:20:12 [INFO] [GameBot.Vision] Frame (1080x1920) -> Điểm quét từng dòng: [0.181, 0.28] (Dòng cao nhất: #2: 0.280)
09:20:12 [WARNING] [GameBot.Vision] Không có dòng nào đạt ngưỡng 0.70 (Điểm cao nhất: #2 = 0.280)
09:20:12 [INFO] [GameBot.Core] [VIP9] Không có Kim Cương ở Dòng 4.
09:20:12 [INFO] [GameBot.Core] === [STATE] Bấm Reset (Refresh) ===
09:20:14 [INFO] [GameBot.Core] [Reset Cycle] Dùng toạ độ fallback (137, 445)
09:20:14 [INFO] [GameBot.Core] [Reset Cycle] -> Tap tại điểm (137, 445)
09:20:15 [INFO] [GameBot.Core] ✅ Hoàn thành vòng #1 trong 15.04s!
09:20:15 [INFO] [GameBot.Core] 
==================== BẮT ĐẦU VÒNG #2 ====================
09:20:15 [INFO] [GameBot.Core] === [STATE] Vào Tab VIP7 ===
09:20:16 [INFO] [GameBot.Core] [Click Tab VIP7] Tìm thấy 'vip7_tab' (conf: 0.98) tại (852, 437)
09:20:16 [INFO] [GameBot.Core] [Click Tab VIP7] -> Tap tại điểm (852, 437)
09:20:18 [INFO] [GameBot.Vision] Frame (1080x1920) -> Điểm quét từng dòng: [0.204, 0.401, 0.167] (Dòng cao nhất: #2: 0.401)
09:20:18 [WARNING] [GameBot.Vision] Không có dòng nào đạt ngưỡng 0.70 (Điểm cao nhất: #2 = 0.401)
09:20:18 [INFO] [GameBot.Core] [VIP7] Không còn dòng Kim Cương nào chưa chơi trong VIP7.
09:20:18 [INFO] [GameBot.Core] === [STATE] Vào Tab VIP9 ===
09:20:19 [INFO] [GameBot.Core] [Click Tab VIP9] Dùng toạ độ fallback (986, 437)
09:20:19 [INFO] [GameBot.Core] [Click Tab VIP9] -> Tap tại điểm (986, 437)
09:20:19 [INFO] [GameBot.Core] Nhận tín hiệu dừng từ người dùng.
09:20:19 [INFO] [GameBot.Core] Tổng kết: Hoàn thành 2 vòng | Thành công: 1
09:20:19 [INFO] [GameBot.Core] Đang dừng GameBot...
09:20:19 [INFO] [GameBot.Capture] FastCapture đã dừng.
09:20:19 [INFO] [GameBot.Core] GameBot đã dừng.
09:33:17 [INFO] [GameBot.Core] Đang khởi động GameBot...
09:33:17 [INFO] [GameBot.Capture] Đang sử dụng ADB tại: 'C:\Users\chudu\AppData\Local\Programs\Python\Python313\Lib\site-packages\adbutils\binaries\adb.exe'
09:33:17 [INFO] [GameBot.Capture] Đang tìm kiếm thiết bị Android (Tự động kết nối)...
09:33:17 [INFO] [GameBot.Capture] ✅ Đã tự động chọn thiết bị: emulator-5554
09:33:17 [INFO] [GameBot.Core] GameBot đã sẵn sàng hoạt động.
09:33:17 [INFO] [GameBot.Core] Bắt đầu vòng lặp vô hạn. Nhấn Ctrl+C để dừng.
09:33:17 [INFO] [GameBot.Core] 
==================== BẮT ĐẦU VÒNG #1 ====================
09:33:19 [INFO] [GameBot.Core] === [STATE] Vào Tab VIP7 ===
09:33:23 [INFO] [GameBot.Core] [Click Tab VIP7] Tìm thấy 'vip7_tab' (conf: 0.98) tại (852, 437)
09:33:23 [INFO] [GameBot.Core] [Click Tab VIP7] -> Tap tại điểm (852, 437)
09:33:25 [INFO] [GameBot.Vision] Frame (1080x1920) -> Điểm quét từng dòng: [0.532, 0.96, 0.605] (Dòng cao nhất: #2: 0.960)
09:33:25 [INFO] [GameBot.Core] 💎 [VIP7] Phát hiện Kim Cương ở DÒNG #2 (conf: 0.960). Click tại (539, 1507)
09:33:25 [INFO] [GameBot.Core] [Click Center Row #2] -> Tap tại điểm (539, 1507)
09:33:26 [INFO] [GameBot.Core] --- [CHƠI DÒNG KIM CƯƠNG (VIP7)] Chuỗi tối đa 2 lượt nhận quà ---
09:33:26 [INFO] [GameBot.Core] 👉 [VIP7] Bắt đầu lượt chơi #1/2...
09:33:27 [INFO] [GameBot.Core] [ODD] Bấm chọn nút ODD...
09:33:29 [INFO] [GameBot.Core] [Select ODD] Tìm thấy 'odd_btn' (conf: 0.99) tại (945, 629)
09:33:29 [INFO] [GameBot.Core] [Select ODD] -> Tap tại điểm (945, 629)
09:33:30 [INFO] [GameBot.Core] ⏳ Đang chờ animation xúc xắc & xuất hiện nút Rút lui (tối đa 6.0s)...
09:33:35 [INFO] [GameBot.Core] 🎉 [Nhận quà] Đã thấy nút 'Rút lui' sau 5.89s (conf: 0.96) -> Bấm tại (537, 1209)
09:33:35 [INFO] [GameBot.Core] [Click Rut Lui] -> Tap tại điểm (537, 1209)
09:33:36 [ERROR] [GameBot.Capture] Lỗi chụp màn hình: Command '['C:\\Users\\chudu\\AppData\\Local\\Programs\\Python\\Python313\\Lib\\site-packages\\adbutils\\binaries\\adb.exe', '-s', 'emulator-5554', 'exec-out', 'screencap', '-p']' timed out after 0.5 seconds
09:33:37 [ERROR] [GameBot.Capture] Lỗi chụp màn hình: Command '['C:\\Users\\chudu\\AppData\\Local\\Programs\\Python\\Python313\\Lib\\site-packages\\adbutils\\binaries\\adb.exe', '-s', 'emulator-5554', 'exec-out', 'screencap', '-p']' timed out after 0.5 seconds
09:33:37 [ERROR] [GameBot.Capture] Lỗi chụp màn hình: Command '['C:\\Users\\chudu\\AppData\\Local\\Programs\\Python\\Python313\\Lib\\site-packages\\adbutils\\binaries\\adb.exe', '-s', 'emulator-5554', 'exec-out', 'screencap', '-p']' timed out after 0.5 seconds
09:33:38 [ERROR] [GameBot.Capture] Lỗi chụp màn hình: Command '['C:\\Users\\chudu\\AppData\\Local\\Programs\\Python\\Python313\\Lib\\site-packages\\adbutils\\binaries\\adb.exe', '-s', 'emulator-5554', 'exec-out', 'screencap', '-p']' timed out after 0.5 seconds
09:33:39 [INFO] [GameBot.Core] ✅ [VIP7] Hoàn thành xong lượt #1/2.
09:33:39 [INFO] [GameBot.Core] 👉 [VIP7] Bắt đầu lượt chơi #2/2...
09:33:40 [INFO] [GameBot.Core] [EVEN] Bấm chọn nút EVEN...
09:33:42 [INFO] [GameBot.Core] [Select EVEN] Tìm thấy 'even_btn' (conf: 1.00) tại (945, 811)
09:33:42 [INFO] [GameBot.Core] [Select EVEN] -> Tap tại điểm (945, 811)
09:33:42 [INFO] [GameBot.Core] ⏳ Đang chờ animation xúc xắc & xuất hiện nút Rút lui (tối đa 6.0s)...
09:33:48 [INFO] [GameBot.Core] Nhận tín hiệu dừng từ người dùng.
09:33:48 [INFO] [GameBot.Core] Tổng kết: Hoàn thành 1 vòng | Thành công: 0
09:33:48 [INFO] [GameBot.Core] Đang dừng GameBot...
09:33:48 [INFO] [GameBot.Capture] FastCapture đã dừng.
09:33:48 [INFO] [GameBot.Core] GameBot đã dừng.
09:37:16 [INFO] [GameBot.Core] Đang khởi động GameBot...
09:37:16 [INFO] [GameBot.Capture] Đang sử dụng ADB tại: 'C:\Users\chudu\AppData\Local\Programs\Python\Python313\Lib\site-packages\adbutils\binaries\adb.exe'
09:37:16 [INFO] [GameBot.Capture] Đang tìm kiếm thiết bị Android (Tự động kết nối)...
09:37:16 [INFO] [GameBot.Capture] ✅ Đã tự động chọn thiết bị: emulator-5554
09:37:16 [INFO] [GameBot.Core] GameBot đã sẵn sàng hoạt động.
09:37:16 [INFO] [GameBot.Core] Bắt đầu vòng lặp vô hạn. Nhấn Ctrl+C để dừng.
09:37:16 [INFO] [GameBot.Core] 
==================== BẮT ĐẦU VÒNG #1 ====================
09:37:17 [INFO] [GameBot.Core] === [STATE] Vào Tab VIP7 ===
09:37:20 [INFO] [GameBot.Core] [Click Tab VIP7] Tìm thấy 'vip7_tab' (conf: 0.98) tại (852, 437)
09:37:20 [INFO] [GameBot.Core] [Click Tab VIP7] -> Tap tại điểm (852, 437)
09:37:22 [INFO] [GameBot.Vision] Frame (1080x1920) -> Điểm quét từng dòng: [0.373, 0.698, 0.855] (Dòng cao nhất: #3: 0.855)
09:37:22 [INFO] [GameBot.Core] 💎 [VIP7] Phát hiện Kim Cương ở DÒNG #3 (conf: 0.855). Click tại (539, 1747)
09:37:22 [INFO] [GameBot.Core] [Click Center Row #3] -> Tap tại điểm (539, 1747)
09:37:23 [INFO] [GameBot.Core] --- [CHƠI DÒNG KIM CƯƠNG (VIP7)] Chuỗi tối đa 2 lượt nhận quà ---
09:37:23 [INFO] [GameBot.Core] 👉 [VIP7] Lượt chơi #1/2...
09:37:24 [INFO] [GameBot.Core] 🔔 [Popup] Đã phát hiện và đóng popup bằng nút OK tại (509, 1679)
09:37:24 [INFO] [GameBot.Core] [Click OK (Dong popup)] -> Tap tại điểm (509, 1679)
09:37:25 [INFO] [GameBot.Core] [EVEN] Bấm chọn nút EVEN...
09:37:27 [INFO] [GameBot.Core] [Select EVEN] Tìm thấy 'even_btn' (conf: 1.00) tại (945, 811)
09:37:27 [INFO] [GameBot.Core] [Select EVEN] -> Tap tại điểm (945, 811)
09:37:27 [INFO] [GameBot.Core] ⏳ Đang chờ xúc xắc & nút Rút lui xuất hiện (tối đa 4.0s)...
09:37:32 [INFO] [GameBot.Core] ℹ️ Không có popup nhận quà sau 4.0s -> Dòng này đã hết lượt chơi (Tần suất = 0).
09:37:32 [INFO] [GameBot.Core] [VIP7] Dòng này đã kết thúc tất cả lượt chơi có thể nhận quà.
09:37:32 [INFO] [GameBot.Core] 🎉 [VIP7] Kết thúc nhận quà dòng này.
09:37:33 [INFO] [GameBot.Vision] Frame (1080x1920) -> Điểm quét từng dòng: [0.386, 0.686] (Dòng cao nhất: #2: 0.686)
09:37:33 [WARNING] [GameBot.Vision] Không có dòng nào đạt ngưỡng 0.70 (Điểm cao nhất: #2 = 0.686)
09:37:33 [INFO] [GameBot.Core] [VIP7] Không còn dòng Kim Cương nào chưa chơi trong VIP7.
09:37:33 [INFO] [GameBot.Core] === [STATE] Vào Tab VIP9 ===
09:37:37 [INFO] [GameBot.Core] [Click Tab VIP9] Tìm thấy 'vip9_tab' (conf: 0.98) tại (991, 437)
09:37:37 [INFO] [GameBot.Core] [Click Tab VIP9] -> Tap tại điểm (991, 437)
09:37:39 [INFO] [GameBot.Vision] Frame (1080x1920) -> Điểm quét từng dòng: [0.956, 0.362, 0.562] (Dòng cao nhất: #1: 0.956)
09:37:39 [INFO] [GameBot.Core] 💎 [VIP9] Phát hiện Kim Cương ở DÒNG #1 (conf: 0.956). Click tại (539, 1243)
09:37:39 [INFO] [GameBot.Core] [Click Center Row #1] -> Tap tại điểm (539, 1243)
09:37:39 [INFO] [GameBot.Core] --- [CHƠI DÒNG KIM CƯƠNG (VIP9)] Chuỗi tối đa 3 lượt nhận quà ---
09:37:39 [INFO] [GameBot.Core] 👉 [VIP9] Lượt chơi #1/3...
09:37:40 [INFO] [GameBot.Core] 🔔 [Popup] Đã phát hiện và đóng popup bằng nút OK tại (509, 1679)
09:37:40 [INFO] [GameBot.Core] [Click OK (Dong popup)] -> Tap tại điểm (509, 1679)
09:37:41 [INFO] [GameBot.Core] [ODD] Bấm chọn nút ODD...
09:37:44 [INFO] [GameBot.Core] [Select ODD] Tìm thấy 'odd_btn' (conf: 0.99) tại (945, 629)
09:37:44 [INFO] [GameBot.Core] [Select ODD] -> Tap tại điểm (945, 629)
09:37:44 [INFO] [GameBot.Core] ⏳ Đang chờ xúc xắc & nút Rút lui xuất hiện (tối đa 4.0s)...
09:37:48 [INFO] [GameBot.Core] ℹ️ Không có popup nhận quà sau 4.0s -> Dòng này đã hết lượt chơi (Tần suất = 0).
09:37:48 [INFO] [GameBot.Core] [VIP9] Dòng này đã kết thúc tất cả lượt chơi có thể nhận quà.
09:37:48 [INFO] [GameBot.Core] 🎉 [VIP9] Kết thúc nhận quà dòng này.
09:37:49 [INFO] [GameBot.Vision] Frame (1080x1920) -> Điểm quét từng dòng: [0.37, 0.563] (Dòng cao nhất: #2: 0.563)
09:37:49 [WARNING] [GameBot.Vision] Không có dòng nào đạt ngưỡng 0.70 (Điểm cao nhất: #2 = 0.563)
09:37:49 [INFO] [GameBot.Core] [VIP9] Cuộn khay item lên để kiểm tra Dòng 4...
09:37:49 [INFO] [GameBot.Core] [VIP9] Đang cuộn khay item lên: từ (540, 1536) -> (540, 1113)...
09:37:51 [INFO] [GameBot.Vision] Frame (1080x1920) -> Điểm quét từng dòng: [0.962, 0.366] (Dòng cao nhất: #1: 0.962)
09:37:51 [INFO] [GameBot.Core] 💎 [VIP9 - Scrolled] Phát hiện Kim Cương ở Dòng cuộn #1 (conf: 0.962). Click tại (539, 1243)
09:37:51 [INFO] [GameBot.Core] [Click Scrolled Row] -> Tap tại điểm (539, 1243)
09:37:52 [INFO] [GameBot.Core] --- [CHƠI DÒNG KIM CƯƠNG (VIP9)] Chuỗi tối đa 3 lượt nhận quà ---
09:37:52 [INFO] [GameBot.Core] 👉 [VIP9] Lượt chơi #1/3...
09:37:53 [INFO] [GameBot.Core] [ODD] Bấm chọn nút ODD...
09:37:56 [INFO] [GameBot.Core] [Select ODD] Tìm thấy 'odd_btn' (conf: 0.99) tại (945, 629)
09:37:56 [INFO] [GameBot.Core] [Select ODD] -> Tap tại điểm (945, 629)
09:37:56 [INFO] [GameBot.Core] ⏳ Đang chờ xúc xắc & nút Rút lui xuất hiện (tối đa 4.0s)...
09:38:02 [INFO] [GameBot.Core] 🎉 [Nhận quà] Đã thấy nút 'Rút lui' sau 5.31s (conf: 0.97) -> Bấm tại (537, 1209)
09:38:02 [INFO] [GameBot.Core] [Click Rut Lui] -> Tap tại điểm (537, 1209)
09:38:02 [INFO] [GameBot.Core] ✅ [VIP9] Hoàn thành xong lượt #1/3.
09:38:03 [INFO] [GameBot.Core] 👉 [VIP9] Lượt chơi #2/3...
09:38:04 [INFO] [GameBot.Core] [ODD] Bấm chọn nút ODD...
09:38:06 [INFO] [GameBot.Core] [Select ODD] Tìm thấy 'odd_btn' (conf: 0.99) tại (945, 629)
09:38:06 [INFO] [GameBot.Core] [Select ODD] -> Tap tại điểm (945, 629)
09:38:07 [INFO] [GameBot.Core] ⏳ Đang chờ xúc xắc & nút Rút lui xuất hiện (tối đa 4.0s)...
09:38:12 [INFO] [GameBot.Core] 🎉 [Nhận quà] Đã thấy nút 'Rút lui' sau 4.89s (conf: 0.97) -> Bấm tại (537, 1209)
09:38:12 [INFO] [GameBot.Core] [Click Rut Lui] -> Tap tại điểm (537, 1209)
09:38:12 [INFO] [GameBot.Core] ✅ [VIP9] Hoàn thành xong lượt #2/3.
09:38:13 [INFO] [GameBot.Core] 👉 [VIP9] Lượt chơi #3/3...
09:38:14 [INFO] [GameBot.Core] [EVEN] Bấm chọn nút EVEN...
09:38:16 [INFO] [GameBot.Core] [Select EVEN] Tìm thấy 'even_btn' (conf: 1.00) tại (945, 811)
09:38:16 [INFO] [GameBot.Core] [Select EVEN] -> Tap tại điểm (945, 811)
09:38:16 [INFO] [GameBot.Core] ⏳ Đang chờ xúc xắc & nút Rút lui xuất hiện (tối đa 4.0s)...
09:38:21 [INFO] [GameBot.Core] 🎉 [Nhận quà] Đã thấy nút 'Rút lui' sau 4.98s (conf: 0.97) -> Bấm tại (537, 1209)
09:38:21 [INFO] [GameBot.Core] [Click Rut Lui] -> Tap tại điểm (537, 1209)
09:38:22 [INFO] [GameBot.Core] ✅ [VIP9] Hoàn thành xong lượt #3/3.
09:38:22 [INFO] [GameBot.Core] 🎉 [VIP9] Kết thúc nhận quà dòng này.
09:38:22 [INFO] [GameBot.Core] === [STATE] Bấm Reset (Refresh) ===
09:38:26 [INFO] [GameBot.Core] [Reset Cycle] Tìm thấy 'reset_btn' (conf: 0.98) tại (146, 448)
09:38:26 [INFO] [GameBot.Core] [Reset Cycle] -> Tap tại điểm (146, 448)
09:38:28 [INFO] [GameBot.Core] ✅ Hoàn thành vòng #1 trong 72.43s!
09:38:28 [INFO] [GameBot.Core] 
==================== BẮT ĐẦU VÒNG #2 ====================
09:38:29 [INFO] [GameBot.Core] === [STATE] Vào Tab VIP7 ===
09:38:33 [INFO] [GameBot.Core] [Click Tab VIP7] Tìm thấy 'vip7_tab' (conf: 0.98) tại (852, 437)
09:38:33 [INFO] [GameBot.Core] [Click Tab VIP7] -> Tap tại điểm (852, 437)
09:38:35 [INFO] [GameBot.Vision] Frame (1080x1920) -> Điểm quét từng dòng: [0.487, 0.369, 0.318] (Dòng cao nhất: #1: 0.487)
09:38:35 [WARNING] [GameBot.Vision] Không có dòng nào đạt ngưỡng 0.70 (Điểm cao nhất: #1 = 0.487)
09:38:35 [INFO] [GameBot.Core] [VIP7] Không còn dòng Kim Cương nào chưa chơi trong VIP7.
09:38:35 [INFO] [GameBot.Core] === [STATE] Vào Tab VIP9 ===
09:38:38 [INFO] [GameBot.Core] [Click Tab VIP9] Tìm thấy 'vip9_tab' (conf: 0.98) tại (991, 437)
09:38:38 [INFO] [GameBot.Core] [Click Tab VIP9] -> Tap tại điểm (991, 437)
09:38:40 [INFO] [GameBot.Vision] Frame (1080x1920) -> Điểm quét từng dòng: [0.959, 0.681, 0.779] (Dòng cao nhất: #1: 0.959)
09:38:40 [INFO] [GameBot.Core] 💎 [VIP9] Phát hiện Kim Cương ở DÒNG #1 (conf: 0.959). Click tại (539, 1243)
09:38:40 [INFO] [GameBot.Core] [Click Center Row #1] -> Tap tại điểm (539, 1243)
09:38:41 [INFO] [GameBot.Core] --- [CHƠI DÒNG KIM CƯƠNG (VIP9)] Chuỗi tối đa 3 lượt nhận quà ---
09:38:41 [INFO] [GameBot.Core] 👉 [VIP9] Lượt chơi #1/3...
09:38:41 [INFO] [GameBot.Core] [ODD] Bấm chọn nút ODD...
09:38:44 [INFO] [GameBot.Core] [Select ODD] Tìm thấy 'odd_btn' (conf: 0.99) tại (945, 629)
09:38:44 [INFO] [GameBot.Core] [Select ODD] -> Tap tại điểm (945, 629)
09:38:44 [INFO] [GameBot.Core] ⏳ Đang chờ xúc xắc & nút Rút lui xuất hiện (tối đa 4.0s)...
09:38:49 [INFO] [GameBot.Core] 🎉 [Nhận quà] Đã thấy nút 'Rút lui' sau 4.76s (conf: 0.98) -> Bấm tại (537, 1209)
09:38:49 [INFO] [GameBot.Core] [Click Rut Lui] -> Tap tại điểm (537, 1209)
09:38:50 [INFO] [GameBot.Core] ✅ [VIP9] Hoàn thành xong lượt #1/3.
09:38:50 [INFO] [GameBot.Core] 👉 [VIP9] Lượt chơi #2/3...
09:38:51 [INFO] [GameBot.Core] [ODD] Bấm chọn nút ODD...
09:38:54 [INFO] [GameBot.Core] [Select ODD] Tìm thấy 'odd_btn' (conf: 0.99) tại (945, 629)
09:38:54 [INFO] [GameBot.Core] [Select ODD] -> Tap tại điểm (945, 629)
09:38:54 [INFO] [GameBot.Core] ⏳ Đang chờ xúc xắc & nút Rút lui xuất hiện (tối đa 4.0s)...
09:38:59 [INFO] [GameBot.Core] 🎉 [Nhận quà] Đã thấy nút 'Rút lui' sau 4.64s (conf: 0.97) -> Bấm tại (537, 1209)
09:38:59 [INFO] [GameBot.Core] [Click Rut Lui] -> Tap tại điểm (537, 1209)
09:38:59 [INFO] [GameBot.Core] ✅ [VIP9] Hoàn thành xong lượt #2/3.
09:39:00 [INFO] [GameBot.Core] 👉 [VIP9] Lượt chơi #3/3...
09:39:01 [INFO] [GameBot.Core] [EVEN] Bấm chọn nút EVEN...
09:39:03 [INFO] [GameBot.Core] [Select EVEN] Tìm thấy 'even_btn' (conf: 1.00) tại (945, 811)
09:39:03 [INFO] [GameBot.Core] [Select EVEN] -> Tap tại điểm (945, 811)
09:39:04 [INFO] [GameBot.Core] ⏳ Đang chờ xúc xắc & nút Rút lui xuất hiện (tối đa 4.0s)...
09:39:09 [INFO] [GameBot.Core] ℹ️ Không có popup nhận quà sau 4.0s -> Dòng này đã hết lượt chơi (Tần suất = 0).
09:39:09 [INFO] [GameBot.Core] [VIP9] Dòng này đã kết thúc tất cả lượt chơi có thể nhận quà.
09:39:09 [INFO] [GameBot.Core] 🎉 [VIP9] Kết thúc nhận quà dòng này.
09:39:10 [INFO] [GameBot.Vision] Frame (1080x1920) -> Điểm quét từng dòng: [0.549, 0.478] (Dòng cao nhất: #1: 0.549)
09:39:10 [WARNING] [GameBot.Vision] Không có dòng nào đạt ngưỡng 0.70 (Điểm cao nhất: #1 = 0.549)
09:39:10 [INFO] [GameBot.Core] [VIP9] Cuộn khay item lên để kiểm tra Dòng 4...
09:39:10 [INFO] [GameBot.Core] [VIP9] Đang cuộn khay item lên: từ (540, 1536) -> (540, 1113)...
09:39:12 [INFO] [GameBot.Vision] Frame (1080x1920) -> Điểm quét từng dòng: [0.432, 0.695] (Dòng cao nhất: #2: 0.695)
09:39:12 [WARNING] [GameBot.Vision] Không có dòng nào đạt ngưỡng 0.70 (Điểm cao nhất: #2 = 0.695)
09:39:12 [INFO] [GameBot.Core] [VIP9] Không có Kim Cương ở Dòng 4.
09:39:12 [INFO] [GameBot.Core] === [STATE] Bấm Reset (Refresh) ===
09:39:16 [INFO] [GameBot.Core] [Reset Cycle] Dùng toạ độ fallback (137, 445)
09:39:16 [INFO] [GameBot.Core] [Reset Cycle] -> Tap tại điểm (137, 445)
09:39:17 [INFO] [GameBot.Core] Nhận tín hiệu dừng từ người dùng.
09:39:17 [INFO] [GameBot.Core] Tổng kết: Hoàn thành 2 vòng | Thành công: 1
09:39:17 [INFO] [GameBot.Core] Đang dừng GameBot...
09:39:17 [INFO] [GameBot.Capture] FastCapture đã dừng.
09:39:17 [INFO] [GameBot.Core] GameBot đã dừng.
09:47:53 [INFO] [GameBot.Core] Đang khởi động GameBot...
09:47:53 [INFO] [GameBot.Capture] Đang sử dụng ADB tại: 'C:\Users\chudu\AppData\Local\Programs\Python\Python313\Lib\site-packages\adbutils\binaries\adb.exe'
09:47:53 [INFO] [GameBot.Capture] Đang tìm kiếm thiết bị Android (Tự động kết nối)...
09:47:53 [INFO] [GameBot.Capture] ✅ Đã tự động chọn thiết bị: emulator-5554
09:47:53 [INFO] [GameBot.Core] GameBot đã sẵn sàng hoạt động.
09:47:53 [INFO] [GameBot.Core] Bắt đầu vòng lặp vô hạn. Nhấn Ctrl+C để dừng.
09:47:53 [INFO] [GameBot.Core] 
==================== BẮT ĐẦU VÒNG #1 ====================
09:47:54 [INFO] [GameBot.Core] 🔔 [Popup] Đóng popup kẹt bằng nút Rút lui tại (377, 558) (conf: 0.61)
09:47:54 [INFO] [GameBot.Core] [Click Rut Lui (Cleanup)] -> Tap tại điểm (377, 558)
09:47:55 [INFO] [GameBot.Core] 🔔 [Popup] Đóng popup kẹt bằng nút Rút lui tại (377, 558) (conf: 0.61)
09:47:55 [INFO] [GameBot.Core] [Click Rut Lui (Cleanup)] -> Tap tại điểm (377, 558)
09:47:57 [INFO] [GameBot.Core] 🔔 [Popup] Đóng popup kẹt bằng nút Rút lui tại (377, 558) (conf: 0.61)
09:47:57 [INFO] [GameBot.Core] [Click Rut Lui (Cleanup)] -> Tap tại điểm (377, 558)
09:47:58 [INFO] [GameBot.Core] === [STATE] Vào Tab VIP7 ===
09:47:59 [INFO] [GameBot.Core] 🔔 [Popup] Đóng popup kẹt bằng nút Rút lui tại (377, 558) (conf: 0.61)
09:47:59 [INFO] [GameBot.Core] [Click Rut Lui (Cleanup)] -> Tap tại điểm (377, 558)
09:48:00 [INFO] [GameBot.Core] 🔔 [Popup] Đóng popup kẹt bằng nút Rút lui tại (377, 558) (conf: 0.61)
09:48:00 [INFO] [GameBot.Core] [Click Rut Lui (Cleanup)] -> Tap tại điểm (377, 558)
09:48:02 [INFO] [GameBot.Core] 🔔 [Popup] Đóng popup kẹt bằng nút Rút lui tại (377, 558) (conf: 0.61)
09:48:02 [INFO] [GameBot.Core] [Click Rut Lui (Cleanup)] -> Tap tại điểm (377, 558)
09:48:03 [INFO] [GameBot.Core] 🔔 [Popup] Đóng popup kẹt bằng nút Rút lui tại (377, 558) (conf: 0.61)
09:48:03 [INFO] [GameBot.Core] [Click Rut Lui (Cleanup)] -> Tap tại điểm (377, 558)
09:48:05 [INFO] [GameBot.Core] Nhận tín hiệu dừng từ người dùng.
09:48:05 [INFO] [GameBot.Core] Tổng kết: Hoàn thành 1 vòng | Thành công: 0
09:48:05 [INFO] [GameBot.Core] Đang dừng GameBot...
09:48:05 [INFO] [GameBot.Capture] FastCapture đã dừng.
09:48:05 [INFO] [GameBot.Core] GameBot đã dừng.
09:48:37 [INFO] [GameBot.Core] Đang khởi động GameBot...
09:48:37 [INFO] [GameBot.Capture] Đang sử dụng ADB tại: 'C:\Users\chudu\AppData\Local\Programs\Python\Python313\Lib\site-packages\adbutils\binaries\adb.exe'
09:48:37 [INFO] [GameBot.Capture] Đang tìm kiếm thiết bị Android (Tự động kết nối)...
09:48:37 [INFO] [GameBot.Capture] ✅ Đã tự động chọn thiết bị: emulator-5554
09:48:37 [INFO] [GameBot.Core] GameBot đã sẵn sàng hoạt động.
09:48:37 [INFO] [GameBot.Core] Bắt đầu vòng lặp vô hạn. Nhấn Ctrl+C để dừng.
09:48:37 [INFO] [GameBot.Core] 
==================== BẮT ĐẦU VÒNG #1 ====================
09:48:38 [INFO] [GameBot.Core] 🔔 [Popup] Đóng popup kẹt bằng nút Rút lui tại (377, 558) (conf: 0.61)
09:48:38 [INFO] [GameBot.Core] [Click Rut Lui (Cleanup)] -> Tap tại điểm (377, 558)
09:48:40 [INFO] [GameBot.Core] 🔔 [Popup] Đóng popup kẹt bằng nút Rút lui tại (377, 558) (conf: 0.61)
09:48:40 [INFO] [GameBot.Core] [Click Rut Lui (Cleanup)] -> Tap tại điểm (377, 558)
09:48:41 [INFO] [GameBot.Core] 🔔 [Popup] Đóng popup kẹt bằng nút Rút lui tại (377, 558) (conf: 0.61)
09:48:41 [INFO] [GameBot.Core] [Click Rut Lui (Cleanup)] -> Tap tại điểm (377, 558)
09:48:42 [INFO] [GameBot.Core] === [STATE] Vào Tab VIP7 ===
09:48:43 [INFO] [GameBot.Core] 🔔 [Popup] Đóng popup kẹt bằng nút Rút lui tại (377, 558) (conf: 0.61)
09:48:43 [INFO] [GameBot.Core] [Click Rut Lui (Cleanup)] -> Tap tại điểm (377, 558)
09:48:45 [INFO] [GameBot.Core] 🔔 [Popup] Đóng popup kẹt bằng nút Rút lui tại (377, 558) (conf: 0.61)
09:48:45 [INFO] [GameBot.Core] [Click Rut Lui (Cleanup)] -> Tap tại điểm (377, 558)
09:48:46 [INFO] [GameBot.Core] 🔔 [Popup] Đóng popup kẹt bằng nút Rút lui tại (377, 558) (conf: 0.61)
09:48:46 [INFO] [GameBot.Core] [Click Rut Lui (Cleanup)] -> Tap tại điểm (377, 558)
09:48:48 [INFO] [GameBot.Core] 🔔 [Popup] Đóng popup kẹt bằng nút Rút lui tại (377, 558) (conf: 0.61)
09:48:48 [INFO] [GameBot.Core] [Click Rut Lui (Cleanup)] -> Tap tại điểm (377, 558)
09:48:48 [INFO] [GameBot.Core] Nhận tín hiệu dừng từ người dùng.
09:48:48 [INFO] [GameBot.Core] Tổng kết: Hoàn thành 1 vòng | Thành công: 0
09:48:48 [INFO] [GameBot.Core] Đang dừng GameBot...
09:48:48 [INFO] [GameBot.Capture] FastCapture đã dừng.
09:48:48 [INFO] [GameBot.Core] GameBot đã dừng.
09:50:38 [INFO] [GameBot.Core] Đang khởi động GameBot...
09:50:38 [INFO] [GameBot.Capture] Đang sử dụng ADB tại: 'C:\Users\chudu\AppData\Local\Programs\Python\Python313\Lib\site-packages\adbutils\binaries\adb.exe'
09:50:38 [INFO] [GameBot.Capture] Đang tìm kiếm thiết bị Android (Tự động kết nối)...
09:50:38 [INFO] [GameBot.Capture] ✅ Đã tự động chọn thiết bị: emulator-5554
09:50:38 [INFO] [GameBot.Core] GameBot đã sẵn sàng hoạt động.
09:50:38 [INFO] [GameBot.Core] Bắt đầu vòng lặp vô hạn. Nhấn Ctrl+C để dừng.
09:50:38 [INFO] [GameBot.Core] 
==================== BẮT ĐẦU VÒNG #1 ====================
09:50:39 [INFO] [GameBot.Core] === [STATE] Vào Tab VIP7 ===
09:50:42 [INFO] [GameBot.Core] [Click Tab VIP7] Tìm thấy 'vip7_tab' (conf: 0.98) tại (852, 437)
09:50:42 [INFO] [GameBot.Core] [Click Tab VIP7] -> Tap tại điểm (852, 437)
09:50:43 [INFO] [GameBot.Vision] Frame (1080x1920) -> Điểm quét từng dòng: [0.486, 0.368, 0.32] (Dòng cao nhất: #1: 0.486)
09:50:43 [WARNING] [GameBot.Vision] Không có dòng nào đạt ngưỡng 0.80 (Điểm cao nhất: #1 = 0.486)
09:50:43 [INFO] [GameBot.Core] [VIP7] Không còn dòng Kim Cương nào chưa chơi trong VIP7.
09:50:43 [INFO] [GameBot.Core] === [STATE] Vào Tab VIP9 ===
09:50:47 [INFO] [GameBot.Core] [Click Tab VIP9] Tìm thấy 'vip9_tab' (conf: 0.98) tại (991, 437)
09:50:47 [INFO] [GameBot.Core] [Click Tab VIP9] -> Tap tại điểm (991, 437)
09:50:48 [INFO] [GameBot.Vision] Frame (1080x1920) -> Điểm quét từng dòng: [0.959, 0.696, 0.855] (Dòng cao nhất: #1: 0.959)
09:50:48 [INFO] [GameBot.Core] 💎 [VIP9] Phát hiện Kim Cương ở DÒNG #1 (conf: 0.959). Click tại (539, 1243)
09:50:48 [INFO] [GameBot.Core] [Click Center Row #1] -> Tap tại điểm (539, 1243)
09:50:49 [INFO] [GameBot.Core] --- [CHƠI DÒNG KIM CƯƠNG (VIP9)] Chuỗi tối đa 3 lượt nhận quà ---
09:50:49 [INFO] [GameBot.Core] 👉 [VIP9] Lượt chơi #1/3...
09:50:50 [INFO] [GameBot.Core] 🔔 [Popup] Đóng popup kẹt bằng nút OK tại (509, 1679) (conf: 0.97)
09:50:50 [INFO] [GameBot.Core] [Click OK (Cleanup)] -> Tap tại điểm (509, 1679)
09:50:51 [INFO] [GameBot.Core] [EVEN] Bấm chọn nút EVEN...
09:50:53 [INFO] [GameBot.Core] [Select EVEN] Tìm thấy 'even_btn' (conf: 1.00) tại (945, 811)
09:50:53 [INFO] [GameBot.Core] [Select EVEN] -> Tap tại điểm (945, 811)
09:50:53 [INFO] [GameBot.Core] ⏳ Đang chờ xúc xắc & nút Rút lui xuất hiện (tối đa 6.0s)...
09:50:56 [INFO] [GameBot.Core] 🎉 [Nhận quà] Đang ở thời điểm mở quà (2.54s) -> Thử bấm Rút lui tại (540, 1209)
09:50:56 [INFO] [GameBot.Core] [Click Rut Lui (Fallback Pos)] -> Tap tại điểm (540, 1209)
09:50:58 [INFO] [GameBot.Core] ✨ [Thông báo] Phát hiện popup (Warrior Gem / Lucky)! Bấm OK tại (510, 1678) và tiếp tục.
09:50:58 [INFO] [GameBot.Core] [Click OK (Warrior Gem/Notice)] -> Tap tại điểm (510, 1678)
09:51:00 [INFO] [GameBot.Core] 🔔 [Popup] Đóng popup kẹt bằng nút Rút lui tại (537, 1209) (conf: 0.97)
09:51:00 [INFO] [GameBot.Core] [Click Rut Lui (Cleanup)] -> Tap tại điểm (537, 1209)
09:51:01 [INFO] [GameBot.Core] [VIP9] Đã đóng popup Warrior Gem, tiếp tục hoàn thành lượt #1...
09:51:02 [INFO] [GameBot.Core] 👉 [VIP9] Lượt chơi #1/3...
09:51:03 [INFO] [GameBot.Core] [EVEN] Bấm chọn nút EVEN...
09:51:06 [INFO] [GameBot.Core] [Select EVEN] Tìm thấy 'even_btn' (conf: 1.00) tại (945, 811)
09:51:06 [INFO] [GameBot.Core] [Select EVEN] -> Tap tại điểm (945, 811)
09:51:06 [INFO] [GameBot.Core] ⏳ Đang chờ xúc xắc & nút Rút lui xuất hiện (tối đa 6.0s)...
09:51:09 [INFO] [GameBot.Core] 🎉 [Nhận quà] Đang ở thời điểm mở quà (2.50s) -> Thử bấm Rút lui tại (540, 1209)
09:51:09 [INFO] [GameBot.Core] [Click Rut Lui (Fallback Pos)] -> Tap tại điểm (540, 1209)
09:51:11 [INFO] [GameBot.Core] ✨ [Thông báo] Phát hiện popup (Warrior Gem / Lucky)! Bấm OK tại (510, 1678) và tiếp tục.
09:51:11 [INFO] [GameBot.Core] [Click OK (Warrior Gem/Notice)] -> Tap tại điểm (510, 1678)
09:51:12 [INFO] [GameBot.Core] 🔔 [Popup] Đóng popup kẹt bằng nút Rút lui tại (537, 1209) (conf: 0.97)
09:51:12 [INFO] [GameBot.Core] [Click Rut Lui (Cleanup)] -> Tap tại điểm (537, 1209)
09:51:14 [INFO] [GameBot.Core] [VIP9] Đã đóng popup Warrior Gem, tiếp tục hoàn thành lượt #1...
09:51:14 [INFO] [GameBot.Core] 👉 [VIP9] Lượt chơi #1/3...
09:51:15 [INFO] [GameBot.Core] [ODD] Bấm chọn nút ODD...
09:51:17 [INFO] [GameBot.Core] [Select ODD] Tìm thấy 'odd_btn' (conf: 0.99) tại (945, 629)
09:51:17 [INFO] [GameBot.Core] [Select ODD] -> Tap tại điểm (945, 629)
09:51:18 [INFO] [GameBot.Core] ⏳ Đang chờ xúc xắc & nút Rút lui xuất hiện (tối đa 6.0s)...
09:51:20 [INFO] [GameBot.Core] 🎉 [Nhận quà] Đang ở thời điểm mở quà (2.44s) -> Thử bấm Rút lui tại (540, 1209)
09:51:20 [INFO] [GameBot.Core] [Click Rut Lui (Fallback Pos)] -> Tap tại điểm (540, 1209)
09:51:22 [INFO] [GameBot.Core] 🎉 [Nhận quà] Đã thấy nút 'Rút lui' sau 3.94s (conf: 0.97) -> Bấm tại (537, 1209)
09:51:22 [INFO] [GameBot.Core] [Click Rut Lui] -> Tap tại điểm (537, 1209)
09:51:23 [INFO] [GameBot.Core] 🔄 Popup 'Rút lui' vẫn còn (conf: 0.95) -> Bấm lại tại (537, 1209)...
09:51:23 [INFO] [GameBot.Core] [Retry Rut Lui] -> Tap tại điểm (537, 1209)
09:51:24 [INFO] [GameBot.Core] 🔄 Popup 'Rút lui' vẫn còn (conf: 0.97) -> Bấm lại tại (537, 1209)...
09:51:24 [INFO] [GameBot.Core] [Retry Rut Lui] -> Tap tại điểm (537, 1209)
09:51:25 [INFO] [GameBot.Core] ✅ [VIP9] Hoàn thành xong lượt #1/3.
09:51:25 [INFO] [GameBot.Core] 🔔 [Popup] Đóng popup kẹt bằng nút Rút lui tại (537, 1209) (conf: 0.98)
09:51:25 [INFO] [GameBot.Core] [Click Rut Lui (Cleanup)] -> Tap tại điểm (537, 1209)
09:51:27 [INFO] [GameBot.Core] 🔔 [Popup] Đóng popup kẹt bằng nút Rút lui tại (537, 1209) (conf: 0.97)
09:51:27 [INFO] [GameBot.Core] [Click Rut Lui (Cleanup)] -> Tap tại điểm (537, 1209)
09:51:28 [INFO] [GameBot.Core] 🔔 [Popup] Đóng popup kẹt bằng nút Rút lui tại (537, 1209) (conf: 0.97)
09:51:28 [INFO] [GameBot.Core] [Click Rut Lui (Cleanup)] -> Tap tại điểm (537, 1209)
09:51:29 [INFO] [GameBot.Core] 👉 [VIP9] Lượt chơi #2/3...
09:51:30 [INFO] [GameBot.Core] 🔔 [Popup] Đóng popup kẹt bằng nút Rút lui tại (537, 1209) (conf: 0.97)
09:51:30 [INFO] [GameBot.Core] [Click Rut Lui (Cleanup)] -> Tap tại điểm (537, 1209)
09:51:31 [INFO] [GameBot.Core] 🔔 [Popup] Đóng popup kẹt bằng nút Rút lui tại (537, 1209) (conf: 0.97)
09:51:31 [INFO] [GameBot.Core] [Click Rut Lui (Cleanup)] -> Tap tại điểm (537, 1209)
09:51:33 [INFO] [GameBot.Core] 🔔 [Popup] Đóng popup kẹt bằng nút Rút lui tại (537, 1209) (conf: 0.97)
09:51:33 [INFO] [GameBot.Core] [Click Rut Lui (Cleanup)] -> Tap tại điểm (537, 1209)
09:51:34 [INFO] [GameBot.Core] [ODD] Bấm chọn nút ODD...
09:51:34 [INFO] [GameBot.Core] 🔔 [Popup] Đóng popup kẹt bằng nút Rút lui tại (537, 1209) (conf: 0.97)
09:51:34 [INFO] [GameBot.Core] [Click Rut Lui (Cleanup)] -> Tap tại điểm (537, 1209)
09:51:37 [INFO] [GameBot.Core] [Select ODD] Tìm thấy 'odd_btn' (conf: 0.85) tại (945, 629)
09:51:37 [INFO] [GameBot.Core] [Select ODD] -> Tap tại điểm (945, 629)
09:51:37 [INFO] [GameBot.Core] ⏳ Đang chờ xúc xắc & nút Rút lui xuất hiện (tối đa 6.0s)...
09:51:40 [INFO] [GameBot.Core] 🎉 [Nhận quà] Đang ở thời điểm mở quà (2.68s) -> Thử bấm Rút lui tại (540, 1209)
09:51:40 [INFO] [GameBot.Core] [Click Rut Lui (Fallback Pos)] -> Tap tại điểm (540, 1209)
09:51:42 [INFO] [GameBot.Core] ✨ [Thông báo] Phát hiện popup (Warrior Gem / Lucky)! Bấm OK tại (510, 1679) và tiếp tục.
09:51:42 [INFO] [GameBot.Core] [Click OK (Warrior Gem/Notice)] -> Tap tại điểm (510, 1679)
09:51:44 [INFO] [GameBot.Core] [VIP9] Đã đóng popup Warrior Gem, tiếp tục hoàn thành lượt #2...
09:51:44 [INFO] [GameBot.Core] 👉 [VIP9] Lượt chơi #2/3...
09:51:45 [INFO] [GameBot.Core] [ODD] Bấm chọn nút ODD...
09:51:47 [INFO] [GameBot.Core] [Select ODD] Tìm thấy 'odd_btn' (conf: 0.85) tại (945, 629)
09:51:47 [INFO] [GameBot.Core] [Select ODD] -> Tap tại điểm (945, 629)
09:51:48 [INFO] [GameBot.Core] ⏳ Đang chờ xúc xắc & nút Rút lui xuất hiện (tối đa 6.0s)...
09:51:51 [INFO] [GameBot.Core] 🎉 [Nhận quà] Đang ở thời điểm mở quà (2.78s) -> Thử bấm Rút lui tại (540, 1209)
09:51:51 [INFO] [GameBot.Core] [Click Rut Lui (Fallback Pos)] -> Tap tại điểm (540, 1209)
09:51:52 [INFO] [GameBot.Core] Nhận tín hiệu dừng từ người dùng.
09:51:52 [INFO] [GameBot.Core] Tổng kết: Hoàn thành 1 vòng | Thành công: 0
09:51:52 [INFO] [GameBot.Core] Đang dừng GameBot...
09:51:52 [INFO] [GameBot.Capture] FastCapture đã dừng.
09:51:52 [INFO] [GameBot.Core] GameBot đã dừng.
09:52:00 [INFO] [GameBot.Core] Đang khởi động GameBot...
09:52:00 [INFO] [GameBot.Capture] Đang sử dụng ADB tại: 'C:\Users\chudu\AppData\Local\Programs\Python\Python313\Lib\site-packages\adbutils\binaries\adb.exe'
09:52:00 [INFO] [GameBot.Capture] Đang tìm kiếm thiết bị Android (Tự động kết nối)...
09:52:00 [INFO] [GameBot.Capture] ✅ Đã tự động chọn thiết bị: emulator-5554
09:52:00 [INFO] [GameBot.Core] GameBot đã sẵn sàng hoạt động.
09:52:00 [INFO] [GameBot.Core] Bắt đầu vòng lặp vô hạn. Nhấn Ctrl+C để dừng.
09:52:00 [INFO] [GameBot.Core] 
==================== BẮT ĐẦU VÒNG #1 ====================
09:52:01 [INFO] [GameBot.Core] === [STATE] Vào Tab VIP7 ===
09:52:03 [INFO] [GameBot.Core] [Click Tab VIP7] Tìm thấy 'vip7_tab' (conf: 0.98) tại (852, 437)
09:52:03 [INFO] [GameBot.Core] [Click Tab VIP7] -> Tap tại điểm (852, 437)
09:52:05 [INFO] [GameBot.Vision] Frame (1080x1920) -> Điểm quét từng dòng: [0.697, 0.645, 0.603] (Dòng cao nhất: #1: 0.697)
09:52:05 [WARNING] [GameBot.Vision] Không có dòng nào đạt ngưỡng 0.80 (Điểm cao nhất: #1 = 0.697)
09:52:05 [INFO] [GameBot.Core] [VIP7] Không còn dòng Kim Cương nào chưa chơi trong VIP7.
09:52:05 [INFO] [GameBot.Core] === [STATE] Vào Tab VIP9 ===
09:52:08 [INFO] [GameBot.Core] [Click Tab VIP9] Tìm thấy 'vip9_tab' (conf: 0.98) tại (991, 437)
09:52:08 [INFO] [GameBot.Core] [Click Tab VIP9] -> Tap tại điểm (991, 437)
09:52:10 [INFO] [GameBot.Vision] Frame (1080x1920) -> Điểm quét từng dòng: [0.959, 0.681, 0.618] (Dòng cao nhất: #1: 0.959)
09:52:10 [INFO] [GameBot.Core] 💎 [VIP9] Phát hiện Kim Cương ở DÒNG #1 (conf: 0.959). Click tại (539, 1243)
09:52:10 [INFO] [GameBot.Core] [Click Center Row #1] -> Tap tại điểm (539, 1243)
09:52:11 [INFO] [GameBot.Core] --- [CHƠI DÒNG KIM CƯƠNG (VIP9)] Chuỗi tối đa 3 lượt nhận quà ---
09:52:11 [INFO] [GameBot.Core] 👉 [VIP9] Lượt chơi #1/3...
09:52:12 [INFO] [GameBot.Core] [EVEN] Bấm chọn nút EVEN...
09:52:14 [INFO] [GameBot.Core] [Select EVEN] Tìm thấy 'even_btn' (conf: 1.00) tại (945, 811)
09:52:14 [INFO] [GameBot.Core] [Select EVEN] -> Tap tại điểm (945, 811)
09:52:14 [INFO] [GameBot.Core] ⏳ Đang chờ xúc xắc & nút Rút lui xuất hiện (tối đa 6.0s)...
09:52:17 [INFO] [GameBot.Core] 🎉 [Nhận quà] Đang ở thời điểm mở quà (2.58s) -> Thử bấm Rút lui tại (540, 1209)
09:52:17 [INFO] [GameBot.Core] [Click Rut Lui (Fallback Pos)] -> Tap tại điểm (540, 1209)
09:52:18 [INFO] [GameBot.Core] 🎉 [Nhận quà] Đã thấy nút 'Rút lui' sau 4.12s (conf: 0.97) -> Bấm tại (537, 1209)
09:52:18 [INFO] [GameBot.Core] [Click Rut Lui] -> Tap tại điểm (537, 1209)
09:52:19 [INFO] [GameBot.Core] ✅ Popup 'Rút lui' đã đóng thành công.
09:52:19 [INFO] [GameBot.Core] ✅ [VIP9] Hoàn thành xong lượt #1/3.
09:52:20 [INFO] [GameBot.Core] 👉 [VIP9] Lượt chơi #2/3...
09:52:21 [INFO] [GameBot.Core] [ODD] Bấm chọn nút ODD...
09:52:24 [INFO] [GameBot.Core] [Select ODD] Tìm thấy 'odd_btn' (conf: 0.99) tại (945, 629)
09:52:24 [INFO] [GameBot.Core] [Select ODD] -> Tap tại điểm (945, 629)
09:52:24 [INFO] [GameBot.Core] ⏳ Đang chờ xúc xắc & nút Rút lui xuất hiện (tối đa 6.0s)...
09:52:27 [INFO] [GameBot.Core] 🎉 [Nhận quà] Đang ở thời điểm mở quà (2.49s) -> Thử bấm Rút lui tại (540, 1209)
09:52:27 [INFO] [GameBot.Core] [Click Rut Lui (Fallback Pos)] -> Tap tại điểm (540, 1209)
09:52:29 [INFO] [GameBot.Core] 🎉 [Nhận quà] Đã thấy nút 'Rút lui' sau 5.10s (conf: 0.98) -> Bấm tại (537, 1209)
09:52:29 [INFO] [GameBot.Core] [Click Rut Lui] -> Tap tại điểm (537, 1209)
09:52:30 [INFO] [GameBot.Core] ✅ Popup 'Rút lui' đã đóng thành công.
09:52:30 [INFO] [GameBot.Core] ✅ [VIP9] Hoàn thành xong lượt #2/3.
09:52:31 [INFO] [GameBot.Core] 👉 [VIP9] Lượt chơi #3/3...
09:52:32 [INFO] [GameBot.Core] [EVEN] Bấm chọn nút EVEN...
09:52:34 [INFO] [GameBot.Core] [Select EVEN] Tìm thấy 'even_btn' (conf: 1.00) tại (945, 811)
09:52:34 [INFO] [GameBot.Core] [Select EVEN] -> Tap tại điểm (945, 811)
09:52:35 [INFO] [GameBot.Core] ⏳ Đang chờ xúc xắc & nút Rút lui xuất hiện (tối đa 6.0s)...
09:52:37 [INFO] [GameBot.Core] 🎉 [Nhận quà] Đang ở thời điểm mở quà (2.50s) -> Thử bấm Rút lui tại (540, 1209)
09:52:37 [INFO] [GameBot.Core] [Click Rut Lui (Fallback Pos)] -> Tap tại điểm (540, 1209)
09:52:39 [INFO] [GameBot.Core] ✨ [Thông báo] Phát hiện popup (Warrior Gem / Lucky)! Bấm OK tại (510, 1678) và tiếp tục.
09:52:39 [INFO] [GameBot.Core] [Click OK (Warrior Gem/Notice)] -> Tap tại điểm (510, 1678)
09:52:41 [INFO] [GameBot.Core] 🔔 [Popup] Đóng popup kẹt bằng nút Rút lui tại (537, 1209) (conf: 0.96)
09:52:41 [INFO] [GameBot.Core] [Click Rut Lui (Cleanup)] -> Tap tại điểm (537, 1209)
09:52:42 [INFO] [GameBot.Core] [VIP9] Đã đóng popup Warrior Gem, tiếp tục hoàn thành lượt #3...
09:52:43 [INFO] [GameBot.Core] 👉 [VIP9] Lượt chơi #3/3...
09:52:44 [INFO] [GameBot.Core] [EVEN] Bấm chọn nút EVEN...
09:52:46 [INFO] [GameBot.Core] [Select EVEN] Tìm thấy 'even_btn' (conf: 1.00) tại (945, 811)
09:52:46 [INFO] [GameBot.Core] [Select EVEN] -> Tap tại điểm (945, 811)
09:52:46 [INFO] [GameBot.Core] ⏳ Đang chờ xúc xắc & nút Rút lui xuất hiện (tối đa 6.0s)...
09:52:49 [INFO] [GameBot.Core] 🎉 [Nhận quà] Đang ở thời điểm mở quà (2.50s) -> Thử bấm Rút lui tại (540, 1209)
09:52:49 [INFO] [GameBot.Core] [Click Rut Lui (Fallback Pos)] -> Tap tại điểm (540, 1209)
09:52:51 [INFO] [GameBot.Core] ✨ [Thông báo] Phát hiện popup (Warrior Gem / Lucky)! Bấm OK tại (510, 1678) và tiếp tục.
09:52:51 [INFO] [GameBot.Core] [Click OK (Warrior Gem/Notice)] -> Tap tại điểm (510, 1678)
09:52:52 [INFO] [GameBot.Core] 🔔 [Popup] Đóng popup kẹt bằng nút Rút lui tại (537, 1209) (conf: 0.93)
09:52:52 [INFO] [GameBot.Core] [Click Rut Lui (Cleanup)] -> Tap tại điểm (537, 1209)
09:52:53 [INFO] [GameBot.Core] Nhận tín hiệu dừng từ người dùng.
09:52:53 [INFO] [GameBot.Core] Tổng kết: Hoàn thành 1 vòng | Thành công: 0
09:52:53 [INFO] [GameBot.Core] Đang dừng GameBot...
09:52:53 [INFO] [GameBot.Capture] FastCapture đã dừng.
09:52:53 [INFO] [GameBot.Core] GameBot đã dừng.
10:01:11 [INFO] [GameBot.Core] Đang khởi động GameBot...
10:01:11 [INFO] [GameBot.Capture] Đang sử dụng ADB tại: 'C:\Users\chudu\AppData\Local\Programs\Python\Python313\Lib\site-packages\adbutils\binaries\adb.exe'
10:01:11 [INFO] [GameBot.Capture] Đang tìm kiếm thiết bị Android (Tự động kết nối)...
10:01:11 [INFO] [GameBot.Capture] ✅ Đã tự động chọn thiết bị: emulator-5554
10:01:11 [INFO] [GameBot.Core] GameBot đã sẵn sàng hoạt động.
10:01:11 [INFO] [GameBot.Core] Bắt đầu vòng lặp vô hạn. Nhấn Ctrl+C để dừng.
10:01:11 [INFO] [GameBot.Core] 
==================== BẮT ĐẦU VÒNG #1 ====================
10:01:13 [INFO] [GameBot.Core] === [STATE] Vào Tab VIP7 ===
10:01:16 [INFO] [GameBot.Core] [Click Tab VIP7] Tìm thấy 'vip7_tab' (conf: 0.98) tại (852, 437)
10:01:16 [INFO] [GameBot.Core] [Click Tab VIP7] -> Tap tại điểm (852, 437)
10:01:18 [INFO] [GameBot.Vision] Frame (1080x1920) -> Điểm quét từng dòng: [0.695, 0.644, 0.601] (Dòng cao nhất: #1: 0.695)
10:01:18 [WARNING] [GameBot.Vision] Không có dòng nào đạt ngưỡng 0.80 (Điểm cao nhất: #1 = 0.695)
10:01:18 [INFO] [GameBot.Core] [VIP7] Không còn dòng Kim Cương nào chưa chơi (ngưỡng >= 0.80). Chuyển sang VIP9.
10:01:18 [INFO] [GameBot.Core] === [STATE] Vào Tab VIP9 ===
10:01:21 [INFO] [GameBot.Core] [Click Tab VIP9] Tìm thấy 'vip9_tab' (conf: 0.98) tại (991, 437)
10:01:21 [INFO] [GameBot.Core] [Click Tab VIP9] -> Tap tại điểm (991, 437)
10:01:23 [INFO] [GameBot.Vision] Frame (1080x1920) -> Điểm quét từng dòng: [0.96, 0.698, 0.604] (Dòng cao nhất: #1: 0.960)
10:01:23 [INFO] [GameBot.Core] 💎 [VIP9] Phát hiện Kim Cương ở DÒNG #1 (conf: 0.960 >= 0.80). Click tại (539, 1243)
10:01:23 [INFO] [GameBot.Core] [Click Center Row #1] -> Tap tại điểm (539, 1243)
10:01:24 [INFO] [GameBot.Core] --- [CHƠI DÒNG KIM CƯƠNG (VIP9)] Chuỗi tối đa 3 lượt nhận quà ---
10:01:24 [INFO] [GameBot.Core] 👉 [VIP9] Lượt chơi #1/3...
10:01:24 [INFO] [GameBot.Core] 🔔 [Popup] Đóng popup kẹt bằng nút OK tại (509, 1679) (conf: 0.97)
10:01:24 [INFO] [GameBot.Core] [Click OK (Cleanup)] -> Tap tại điểm (509, 1679)
10:01:26 [INFO] [GameBot.Core] [EVEN] Bấm chọn nút EVEN...
10:01:28 [INFO] [GameBot.Core] [Select EVEN] Tìm thấy 'even_btn' (conf: 1.00) tại (945, 811)
10:01:28 [INFO] [GameBot.Core] [Select EVEN] -> Tap tại điểm (945, 811)
10:01:28 [INFO] [GameBot.Core] ⏳ Đang chờ xúc xắc & nút Rút lui xuất hiện (tối đa 5.0s)...
10:01:29 [INFO] [GameBot.Core] Nhận tín hiệu dừng từ người dùng.
10:01:29 [INFO] [GameBot.Core] Tổng kết: Hoàn thành 1 vòng | Thành công: 0
10:01:29 [INFO] [GameBot.Core] Đang dừng GameBot...
10:01:29 [INFO] [GameBot.Capture] FastCapture đã dừng.
10:01:29 [INFO] [GameBot.Core] GameBot đã dừng.
10:11:36 [INFO] [GameBot.Core] Đang khởi động GameBot...
10:11:36 [INFO] [GameBot.Capture] Đang sử dụng ADB tại: 'C:\Users\chudu\AppData\Local\Programs\Python\Python313\Lib\site-packages\adbutils\binaries\adb.exe'
10:11:36 [INFO] [GameBot.Capture] Đang tìm kiếm thiết bị Android (Tự động kết nối)...
10:11:36 [INFO] [GameBot.Capture] ✅ Đã tự động chọn thiết bị: emulator-5554
10:11:36 [INFO] [GameBot.Core] GameBot đã sẵn sàng hoạt động.
10:11:36 [INFO] [GameBot.Core] Bắt đầu vòng lặp vô hạn. Nhấn Ctrl+C để dừng.
10:11:36 [INFO] [GameBot.Core] 
==================== BẮT ĐẦU VÒNG #1 ====================
10:11:37 [INFO] [GameBot.Core] === [STATE] Vào Tab VIP7 ===
10:11:40 [INFO] [GameBot.Core] [Click Tab VIP7] Tìm thấy 'vip7_tab' (conf: 0.98) tại (852, 437)
10:11:40 [INFO] [GameBot.Core] [Click Tab VIP7] -> Tap tại điểm (852, 437)
10:11:42 [INFO] [GameBot.Vision] Frame (1080x1920) -> Điểm quét từng dòng: [0.695, 0.644, 0.601] (Dòng cao nhất: #1: 0.695)
10:11:42 [WARNING] [GameBot.Vision] Không có dòng nào đạt ngưỡng 0.80 (Điểm cao nhất: #1 = 0.695)
10:11:42 [INFO] [GameBot.Core] [VIP7] Không còn dòng Kim Cương nào chưa chơi (ngưỡng >= 0.80). Chuyển sang VIP9.
10:11:42 [INFO] [GameBot.Core] === [STATE] Vào Tab VIP9 ===
10:11:45 [INFO] [GameBot.Core] [Click Tab VIP9] Tìm thấy 'vip9_tab' (conf: 0.98) tại (991, 437)
10:11:45 [INFO] [GameBot.Core] [Click Tab VIP9] -> Tap tại điểm (991, 437)
10:11:47 [INFO] [GameBot.Vision] Frame (1080x1920) -> Điểm quét từng dòng: [0.957, 0.695, 0.601] (Dòng cao nhất: #1: 0.957)
10:11:47 [INFO] [GameBot.Core] 💎 [VIP9] Phát hiện Kim Cương ở DÒNG #1 (conf: 0.957 >= 0.80). Click tại (539, 1243)
10:11:47 [INFO] [GameBot.Core] [Click Center Row #1] -> Tap tại điểm (539, 1243)
10:11:48 [INFO] [GameBot.Core] --- [CHƠI DÒNG KIM CƯƠNG (VIP9)] Chuỗi tối đa 3 lượt nhận quà ---
10:11:50 [WARNING] [GameBot.Core] ⚠️ [VIP9] Dòng này đã hết lượt đổi / hết vật phẩm! Bấm OK tại (510, 1685) và chuyển sang dòng khác ngay.
10:11:50 [INFO] [GameBot.Core] [Click OK (Het luot doi)] -> Tap tại điểm (510, 1685)
10:11:51 [INFO] [GameBot.Core] === [STATE] Vào Tab VIP9 ===
10:11:54 [INFO] [GameBot.Core] [Click Tab VIP9] Dùng toạ độ fallback (986, 437)
10:11:54 [INFO] [GameBot.Core] [Click Tab VIP9] -> Tap tại điểm (986, 437)
10:11:55 [INFO] [GameBot.Vision] Frame (1080x1920) -> Điểm quét từng dòng: [0.696, 0.603] (Dòng cao nhất: #1: 0.696)
10:11:55 [WARNING] [GameBot.Vision] Không có dòng nào đạt ngưỡng 0.80 (Điểm cao nhất: #1 = 0.696)
10:11:55 [INFO] [GameBot.Core] [VIP9] Không còn dòng Kim Cương nào ở các dòng đầu (ngưỡng >= 0.80).
10:11:55 [INFO] [GameBot.Core] [VIP9] Cuộn khay item lên để kiểm tra Dòng 4...
10:11:55 [INFO] [GameBot.Core] === [STATE] Vào Tab VIP9 ===
10:11:57 [INFO] [GameBot.Core] [Click Tab VIP9] Dùng toạ độ fallback (986, 437)
10:11:57 [INFO] [GameBot.Core] [Click Tab VIP9] -> Tap tại điểm (986, 437)
10:11:58 [INFO] [GameBot.Core] [VIP9] Đang cuộn khay item lên: từ (540, 1536) -> (540, 1113)...
10:12:00 [INFO] [GameBot.Vision] Frame (1080x1920) -> Điểm quét từng dòng: [0.171, 0.237] (Dòng cao nhất: #2: 0.237)
10:12:00 [WARNING] [GameBot.Vision] Không có dòng nào đạt ngưỡng 0.80 (Điểm cao nhất: #2 = 0.237)
10:12:00 [INFO] [GameBot.Core] [VIP9] Không có Kim Cương ở Dòng 4.
10:12:00 [INFO] [GameBot.Core] === [STATE] Bấm Reset (Refresh) ===
10:12:02 [INFO] [GameBot.Core] [Reset Cycle] Tìm thấy 'reset_btn' (conf: 0.98) tại (146, 448)
10:12:02 [INFO] [GameBot.Core] [Reset Cycle] -> Tap tại điểm (146, 448)
10:12:04 [INFO] [GameBot.Core] ✅ Hoàn thành vòng #1 trong 27.49s!
10:12:04 [INFO] [GameBot.Core] 
==================== BẮT ĐẦU VÒNG #2 ====================
10:12:05 [INFO] [GameBot.Core] === [STATE] Vào Tab VIP7 ===
10:12:07 [INFO] [GameBot.Core] [Click Tab VIP7] Tìm thấy 'vip7_tab' (conf: 0.98) tại (852, 437)
10:12:07 [INFO] [GameBot.Core] [Click Tab VIP7] -> Tap tại điểm (852, 437)
10:12:08 [INFO] [GameBot.Vision] Frame (1080x1920) -> Điểm quét từng dòng: [0.176, 0.409, 0.167] (Dòng cao nhất: #2: 0.409)
10:12:08 [WARNING] [GameBot.Vision] Không có dòng nào đạt ngưỡng 0.80 (Điểm cao nhất: #2 = 0.409)
10:12:08 [INFO] [GameBot.Core] [VIP7] Không còn dòng Kim Cương nào chưa chơi (ngưỡng >= 0.80). Chuyển sang VIP9.
10:12:08 [INFO] [GameBot.Core] === [STATE] Vào Tab VIP9 ===
10:12:10 [INFO] [GameBot.Core] 🔔 [Popup] Đóng popup [Warrior Gem / Thông báo] bằng nút OK tại (510, 1685) (conf: 0.97)
10:12:10 [INFO] [GameBot.Core] [Click OK (Cleanup)] -> Tap tại điểm (510, 1685)
10:12:13 [INFO] [GameBot.Core] [Click Tab VIP9] Dùng toạ độ fallback (986, 437)
10:12:13 [INFO] [GameBot.Core] [Click Tab VIP9] -> Tap tại điểm (986, 437)
10:12:14 [INFO] [GameBot.Core] Nhận tín hiệu dừng từ người dùng.
10:12:14 [INFO] [GameBot.Core] Tổng kết: Hoàn thành 2 vòng | Thành công: 1
10:12:14 [INFO] [GameBot.Core] Đang dừng GameBot...
10:12:14 [INFO] [GameBot.Capture] FastCapture đã dừng.
10:12:14 [INFO] [GameBot.Core] GameBot đã dừng.
19:44:56 [INFO] [GameBot.Core] Đang khởi động GameBot...
19:44:56 [INFO] [GameBot.Capture] Đang sử dụng ADB tại: 'C:\Users\chudu\AppData\Local\Programs\Python\Python313\Lib\site-packages\adbutils\binaries\adb.exe'
19:44:56 [INFO] [GameBot.Capture] Đang tìm kiếm thiết bị Android (Tự động kết nối)...
19:45:06 [INFO] [GameBot.Capture] ✅ Đã tự động chọn thiết bị: 127.0.0.1:16384
19:45:06 [INFO] [GameBot.Core] GameBot đã sẵn sàng hoạt động.
19:45:06 [INFO] [GameBot.Core] Bắt đầu vòng lặp vô hạn. Nhấn Ctrl+C để dừng.
19:45:06 [INFO] [GameBot.Core] 
==================== BẮT ĐẦU VÒNG #1 ====================
19:45:07 [INFO] [GameBot.Core] === [STATE] Vào Tab VIP7 ===
19:45:10 [INFO] [GameBot.Core] 👁️ [Tab VIP7] Màn hình đã xuất hiện 'vip7_tab' sau 1.72s (conf: 0.98) tại (852, 437)
19:45:10 [INFO] [GameBot.Core] [Click Tab VIP7] -> Tap tại điểm (852, 437)
19:45:12 [INFO] [GameBot.Vision] Frame (1080x1920) -> Điểm quét từng dòng: [0.634, 0.964, 0.571] (Dòng cao nhất: #2: 0.964)
19:45:12 [INFO] [GameBot.Core] 💎 [VIP7] Phát hiện Kim Cương ở DÒNG #2 (conf: 0.964 >= 0.80). Click tại (539, 1507)
19:45:12 [INFO] [GameBot.Core] [Click Center Row #2] -> Tap tại điểm (539, 1507)
19:45:12 [INFO] [GameBot.Core] --- [CHƠI DÒNG KIM CƯƠNG (VIP7)] Chuỗi tối đa 2 lượt nhận quà ---
19:45:14 [INFO] [GameBot.Core] 🎲 [VIP7] Màn hình bàn cờ xúc xắc đã xuất hiện sẵn sàng.
19:45:14 [INFO] [GameBot.Core] 👉 [VIP7] Lượt chơi #1/2...
19:45:14 [INFO] [GameBot.Core] [EVEN] Chờ nút CHẴN (EVEN) xuất hiện trên màn hình...
19:45:17 [INFO] [GameBot.Core] 👁️ [Nút CHẴN (EVEN)] Màn hình đã xuất hiện 'even_btn' sau 2.04s (conf: 1.00) tại (945, 811)
19:45:17 [INFO] [GameBot.Core] [Select EVEN] -> Tap tại điểm (945, 811)
19:45:17 [INFO] [GameBot.Core] ⏳ Đang theo dõi màn hình chờ xúc xắc xong và nút Rút lui / Popup xuất hiện...
19:45:24 [ERROR] [GameBot.Capture] Lỗi chụp màn hình: Command '['C:\\Users\\chudu\\AppData\\Local\\Programs\\Python\\Python313\\Lib\\site-packages\\adbutils\\binaries\\adb.exe', '-s', '127.0.0.1:16384', 'exec-out', 'screencap', '-p']' timed out after 1.0 seconds
19:45:25 [ERROR] [GameBot.Capture] Lỗi chụp màn hình: Command '['C:\\Users\\chudu\\AppData\\Local\\Programs\\Python\\Python313\\Lib\\site-packages\\adbutils\\binaries\\adb.exe', '-s', '127.0.0.1:16384', 'exec-out', 'screencap', '-p']' timed out after 1.0 seconds
19:45:26 [ERROR] [GameBot.Capture] Lỗi chụp màn hình: Command '['C:\\Users\\chudu\\AppData\\Local\\Programs\\Python\\Python313\\Lib\\site-packages\\adbutils\\binaries\\adb.exe', '-s', '127.0.0.1:16384', 'exec-out', 'screencap', '-p']' timed out after 1.0 seconds
19:45:27 [ERROR] [GameBot.Capture] Lỗi chụp màn hình: Command '['C:\\Users\\chudu\\AppData\\Local\\Programs\\Python\\Python313\\Lib\\site-packages\\adbutils\\binaries\\adb.exe', '-s', '127.0.0.1:16384', 'exec-out', 'screencap', '-p']' timed out after 1.0 seconds
19:45:27 [INFO] [GameBot.Core] ℹ️ Không có nút Rút lui hay Popup nào xuất hiện sau 8.0s -> Dòng này đã hết lượt chơi.
19:45:27 [INFO] [GameBot.Core] [VIP7] Tab VIP7 không còn popup nhận quà -> Hoàn tất dòng này.
19:45:28 [INFO] [GameBot.Core] 🔔 [Popup Rút lui] Đang xuất hiện tại (537, 1209) -> Bấm Rút lui!
19:45:28 [INFO] [GameBot.Core] [Click Rut Lui] -> Tap tại điểm (537, 1209)
19:45:30 [INFO] [GameBot.Core] ✅ Nút/Popup 'rut_lui_btn' đã đóng hoàn toàn khỏi màn hình.
19:45:31 [INFO] [GameBot.Core] === [STATE] Vào Tab VIP7 ===
19:45:32 [INFO] [GameBot.Core] Nhận tín hiệu dừng từ người dùng.
19:45:32 [INFO] [GameBot.Core] Tổng kết: Hoàn thành 1 vòng | Thành công: 0
19:45:32 [INFO] [GameBot.Core] Đang dừng GameBot...
19:45:32 [INFO] [GameBot.Capture] FastCapture đã dừng.
19:45:32 [INFO] [GameBot.Core] GameBot đã dừng.
19:51:26 [INFO] [GameBot.Core] Đang khởi động GameBot...
19:51:26 [INFO] [GameBot.Capture] Đang sử dụng ADB tại: 'C:\Users\chudu\AppData\Local\Programs\Python\Python313\Lib\site-packages\adbutils\binaries\adb.exe'
19:51:26 [INFO] [GameBot.Capture] Đang tìm kiếm thiết bị Android (Tự động kết nối)...
19:51:26 [INFO] [GameBot.Capture] ✅ Đã tự động chọn thiết bị: 127.0.0.1:16384
19:51:26 [INFO] [GameBot.Core] GameBot đã sẵn sàng hoạt động.
19:51:26 [INFO] [GameBot.Core] Bắt đầu vòng lặp vô hạn. Nhấn Ctrl+C để dừng.
19:51:26 [INFO] [GameBot.Core] 
==================== BẮT ĐẦU VÒNG #1 ====================
19:51:26 [INFO] [GameBot.Core] === [STATE] Vào Tab VIP7 ===
19:51:30 [INFO] [GameBot.Core] 👁️ [Tab VIP7] Màn hình đã xuất hiện 'vip7_tab' sau 1.50s (conf: 0.98) tại (852, 437)
19:51:30 [INFO] [GameBot.Core] [Click Tab VIP7] -> Tap tại điểm (852, 437)
19:51:31 [INFO] [GameBot.Vision] Frame (1080x1920) -> Điểm quét từng dòng: [0.531, 0.711, 0.562] (Dòng cao nhất: #2: 0.711)
19:51:31 [WARNING] [GameBot.Vision] Không có dòng nào đạt ngưỡng 0.80 (Điểm cao nhất: #2 = 0.711)
19:51:31 [INFO] [GameBot.Core] [VIP7] Không còn dòng Kim Cương nào chưa chơi (ngưỡng >= 0.80). Chuyển sang VIP9.
19:51:31 [INFO] [GameBot.Core] === [STATE] Vào Tab VIP9 ===
19:51:34 [INFO] [GameBot.Core] 👁️ [Tab VIP9] Màn hình đã xuất hiện 'vip9_tab' sau 1.36s (conf: 0.98) tại (991, 437)
19:51:34 [INFO] [GameBot.Core] [Click Tab VIP9] -> Tap tại điểm (991, 437)
19:51:35 [INFO] [GameBot.Vision] Frame (1080x1920) -> Điểm quét từng dòng: [0.576, 0.705, 0.524] (Dòng cao nhất: #2: 0.705)
19:51:35 [WARNING] [GameBot.Vision] Không có dòng nào đạt ngưỡng 0.80 (Điểm cao nhất: #2 = 0.705)
19:51:35 [INFO] [GameBot.Core] [VIP9] Không còn dòng Kim Cương nào ở các dòng đầu (ngưỡng >= 0.80).
19:51:35 [INFO] [GameBot.Core] [VIP9] Cuộn khay item lên để kiểm tra Dòng 4...
19:51:35 [INFO] [GameBot.Core] === [STATE] Vào Tab VIP9 ===
19:51:43 [WARNING] [GameBot.Core] ⚠️ Không nhận diện được 'vip9_tab' trên màn hình -> Sử dụng toạ độ chuẩn (986, 437)
19:51:43 [INFO] [GameBot.Core] [Click Tab VIP9 (Fixed Pos)] -> Tap tại điểm (986, 437)
19:51:44 [INFO] [GameBot.Core] [VIP9] Đang cuộn khay item lên: từ (540, 1536) -> (540, 1113)...
19:51:46 [INFO] [GameBot.Vision] Frame (1080x1920) -> Điểm quét từng dòng: [0.246, 0.269] (Dòng cao nhất: #2: 0.269)
19:51:46 [WARNING] [GameBot.Vision] Không có dòng nào đạt ngưỡng 0.80 (Điểm cao nhất: #2 = 0.269)
19:51:46 [INFO] [GameBot.Core] [VIP9] Không có Kim Cương ở Dòng 4.
19:51:46 [INFO] [GameBot.Core] === [STATE] Bấm Reset (Refresh) ===
19:51:46 [INFO] [GameBot.Core] ⏳ Chờ nút Reset xuất hiện trên màn hình...
19:51:48 [INFO] [GameBot.Core] 👁️ [Nút Reset (Refresh)] Màn hình đã xuất hiện 'reset_btn' sau 1.38s (conf: 0.98) tại (146, 448)
19:51:48 [INFO] [GameBot.Core] 🔄 Bấm nút Reset tại (146, 448)
19:51:48 [INFO] [GameBot.Core] [Reset Cycle] -> Tap tại điểm (146, 448)
19:51:48 [INFO] [GameBot.Core] ⏳ Đang theo dõi màn hình chờ nút OK xác nhận Reset xuất hiện...
19:51:53 [INFO] [GameBot.Core] Nhận tín hiệu dừng từ người dùng.
19:51:53 [INFO] [GameBot.Core] Tổng kết: Hoàn thành 1 vòng | Thành công: 0
19:51:53 [INFO] [GameBot.Core] Đang dừng GameBot...
19:51:53 [INFO] [GameBot.Capture] FastCapture đã dừng.
19:51:53 [INFO] [GameBot.Core] GameBot đã dừng.
19:52:15 [INFO] [GameBot.Core] Đang khởi động GameBot...
19:52:15 [INFO] [GameBot.Capture] Đang sử dụng ADB tại: 'C:\Users\chudu\AppData\Local\Programs\Python\Python313\Lib\site-packages\adbutils\binaries\adb.exe'
19:52:15 [INFO] [GameBot.Capture] Đang tìm kiếm thiết bị Android (Tự động kết nối)...
19:52:15 [INFO] [GameBot.Capture] ✅ Đã tự động chọn thiết bị: 127.0.0.1:16384
19:52:15 [INFO] [GameBot.Core] GameBot đã sẵn sàng hoạt động.
19:52:15 [INFO] [GameBot.Core] Bắt đầu vòng lặp vô hạn. Nhấn Ctrl+C để dừng.
19:52:15 [INFO] [GameBot.Core] 
==================== BẮT ĐẦU VÒNG #1 ====================
19:52:16 [INFO] [GameBot.Core] === [STATE] Vào Tab VIP7 ===
19:52:18 [INFO] [GameBot.Core] 👁️ [Tab VIP7] Màn hình đã xuất hiện 'vip7_tab' sau 1.79s (conf: 0.98) tại (852, 437)
19:52:18 [INFO] [GameBot.Core] [Click Tab VIP7] -> Tap tại điểm (852, 437)
19:52:20 [INFO] [GameBot.Vision] Frame (1080x1920) -> Điểm quét từng dòng: [0.705, 0.542, 0.68] (Dòng cao nhất: #1: 0.705)
19:52:20 [WARNING] [GameBot.Vision] Không có dòng nào đạt ngưỡng 0.80 (Điểm cao nhất: #1 = 0.705)
19:52:20 [INFO] [GameBot.Core] [VIP7] Không còn dòng Kim Cương nào chưa chơi (ngưỡng >= 0.80). Chuyển sang VIP9.
19:52:20 [INFO] [GameBot.Core] === [STATE] Vào Tab VIP9 ===
19:52:22 [INFO] [GameBot.Core] 👁️ [Tab VIP9] Màn hình đã xuất hiện 'vip9_tab' sau 1.42s (conf: 0.98) tại (991, 437)
19:52:22 [INFO] [GameBot.Core] [Click Tab VIP9] -> Tap tại điểm (991, 437)
19:52:24 [INFO] [GameBot.Vision] Frame (1080x1920) -> Điểm quét từng dòng: [0.607, 0.963, 0.658] (Dòng cao nhất: #2: 0.963)
19:52:24 [INFO] [GameBot.Core] 💎 [VIP9] Phát hiện Kim Cương ở DÒNG #2 (conf: 0.963 >= 0.80). Click tại (539, 1507)
19:52:24 [INFO] [GameBot.Core] [Click Center Row #2] -> Tap tại điểm (539, 1507)
19:52:25 [INFO] [GameBot.Core] --- [CHƠI DÒNG KIM CƯƠNG (VIP9)] Chuỗi tối đa 3 lượt nhận quà ---
19:52:26 [INFO] [GameBot.Core] 🎲 [VIP9] Màn hình bàn cờ xúc xắc đã xuất hiện sẵn sàng.
19:52:26 [INFO] [GameBot.Core] 👉 [VIP9] Lượt chơi #1/3...
19:52:26 [INFO] [GameBot.Core] [EVEN] Chờ nút CHẴN (EVEN) xuất hiện trên màn hình...
19:52:28 [INFO] [GameBot.Core] 👁️ [Nút CHẴN (EVEN)] Màn hình đã xuất hiện 'even_btn' sau 1.61s (conf: 1.00) tại (945, 811)
19:52:28 [INFO] [GameBot.Core] [Select EVEN] -> Tap tại điểm (945, 811)
19:52:28 [INFO] [GameBot.Core] ⏳ Đang theo dõi màn hình chờ xúc xắc xong và nút Rút lui / Popup xuất hiện...
19:52:34 [INFO] [GameBot.Core] 🎉 [Nhận quà] Màn hình đã xuất hiện nút 'Rút lui' sau 6.15s (conf: 0.97) -> Bấm tại (537, 1209)
19:52:34 [INFO] [GameBot.Core] [Click Rut Lui] -> Tap tại điểm (537, 1209)
19:52:36 [INFO] [GameBot.Core] ✅ Nút/Popup 'rut_lui_btn' đã đóng hoàn toàn khỏi màn hình.
19:52:36 [INFO] [GameBot.Core] ✅ [VIP9] Hoàn thành xong lượt #1/3.
19:52:37 [INFO] [GameBot.Core] 👉 [VIP9] Lượt chơi #2/3...
19:52:37 [INFO] [GameBot.Core] [EVEN] Chờ nút CHẴN (EVEN) xuất hiện trên màn hình...
19:52:38 [INFO] [GameBot.Core] 👁️ [Nút CHẴN (EVEN)] Màn hình đã xuất hiện 'even_btn' sau 1.48s (conf: 1.00) tại (945, 811)
19:52:38 [INFO] [GameBot.Core] [Select EVEN] -> Tap tại điểm (945, 811)
19:52:39 [INFO] [GameBot.Core] ⏳ Đang theo dõi màn hình chờ xúc xắc xong và nút Rút lui / Popup xuất hiện...
19:52:47 [INFO] [GameBot.Core] 🎉 [Nhận quà] Màn hình đã xuất hiện nút 'Rút lui' sau 8.16s (conf: 0.96) -> Bấm tại (537, 1209)
19:52:47 [INFO] [GameBot.Core] [Click Rut Lui] -> Tap tại điểm (537, 1209)
19:52:48 [INFO] [GameBot.Core] ✅ Nút/Popup 'rut_lui_btn' đã đóng hoàn toàn khỏi màn hình.
19:52:48 [INFO] [GameBot.Core] ✅ [VIP9] Hoàn thành xong lượt #2/3.
19:52:50 [INFO] [GameBot.Core] 👉 [VIP9] Lượt chơi #3/3...
19:52:50 [INFO] [GameBot.Core] [EVEN] Chờ nút CHẴN (EVEN) xuất hiện trên màn hình...
19:52:51 [INFO] [GameBot.Core] 👁️ [Nút CHẴN (EVEN)] Màn hình đã xuất hiện 'even_btn' sau 1.59s (conf: 1.00) tại (945, 811)
19:52:51 [INFO] [GameBot.Core] [Select EVEN] -> Tap tại điểm (945, 811)
19:52:52 [INFO] [GameBot.Core] ⏳ Đang theo dõi màn hình chờ xúc xắc xong và nút Rút lui / Popup xuất hiện...
19:52:58 [INFO] [GameBot.Core] 🎉 [Nhận quà] Màn hình đã xuất hiện nút 'Rút lui' sau 6.02s (conf: 0.97) -> Bấm tại (537, 1209)
19:52:58 [INFO] [GameBot.Core] [Click Rut Lui] -> Tap tại điểm (537, 1209)
19:52:59 [INFO] [GameBot.Core] ✅ Nút/Popup 'rut_lui_btn' đã đóng hoàn toàn khỏi màn hình.
19:52:59 [INFO] [GameBot.Core] ✅ [VIP9] Hoàn thành xong lượt #3/3.
19:53:00 [INFO] [GameBot.Core] 🎉 [VIP9] Đã hoàn thành đủ 3/3 lượt nhận quà.
19:53:01 [INFO] [GameBot.Core] === [STATE] Vào Tab VIP9 ===
19:53:08 [WARNING] [GameBot.Core] ⚠️ Không nhận diện được 'vip9_tab' trên màn hình -> Sử dụng toạ độ chuẩn (986, 437)
19:53:08 [INFO] [GameBot.Core] [Click Tab VIP9 (Fixed Pos)] -> Tap tại điểm (986, 437)
19:53:10 [INFO] [GameBot.Vision] Frame (1080x1920) -> Điểm quét từng dòng: [0.693, 0.638] (Dòng cao nhất: #1: 0.693)
19:53:10 [WARNING] [GameBot.Vision] Không có dòng nào đạt ngưỡng 0.80 (Điểm cao nhất: #1 = 0.693)
19:53:10 [INFO] [GameBot.Core] [VIP9] Không còn dòng Kim Cương nào ở các dòng đầu (ngưỡng >= 0.80).
19:53:10 [INFO] [GameBot.Core] [VIP9] Cuộn khay item lên để kiểm tra Dòng 4...
19:53:10 [INFO] [GameBot.Core] === [STATE] Vào Tab VIP9 ===
19:53:17 [WARNING] [GameBot.Core] ⚠️ Không nhận diện được 'vip9_tab' trên màn hình -> Sử dụng toạ độ chuẩn (986, 437)
19:53:17 [INFO] [GameBot.Core] [Click Tab VIP9 (Fixed Pos)] -> Tap tại điểm (986, 437)
19:53:18 [INFO] [GameBot.Core] [VIP9] Đang cuộn khay item lên: từ (540, 1536) -> (540, 1113)...
19:53:20 [INFO] [GameBot.Vision] Frame (1080x1920) -> Điểm quét từng dòng: [0.248, 0.211] (Dòng cao nhất: #1: 0.248)
19:53:20 [WARNING] [GameBot.Vision] Không có dòng nào đạt ngưỡng 0.80 (Điểm cao nhất: #1 = 0.248)
19:53:20 [INFO] [GameBot.Core] [VIP9] Không có Kim Cương ở Dòng 4.
19:53:20 [INFO] [GameBot.Core] === [STATE] Bấm Reset (Refresh) ===
19:53:21 [INFO] [GameBot.Core] ⏳ Chờ nút Reset xuất hiện trên màn hình...
19:53:21 [INFO] [GameBot.Core] Nhận tín hiệu dừng từ người dùng.
19:53:21 [INFO] [GameBot.Core] Tổng kết: Hoàn thành 1 vòng | Thành công: 0
19:53:21 [INFO] [GameBot.Core] Đang dừng GameBot...
19:53:21 [INFO] [GameBot.Capture] FastCapture đã dừng.
19:53:21 [INFO] [GameBot.Core] GameBot đã dừng.
20:09:53 [INFO] [GameBot.Core] Đang khởi động GameBot...
20:09:53 [INFO] [GameBot.Capture] Đang sử dụng ADB tại: 'C:\Users\chudu\AppData\Local\Programs\Python\Python313\Lib\site-packages\adbutils\binaries\adb.exe'
20:09:53 [INFO] [GameBot.Capture] Đang tìm kiếm thiết bị Android (Tự động kết nối)...
20:09:53 [INFO] [GameBot.Capture] ✅ Đã tự động chọn thiết bị: 127.0.0.1:16384
20:09:53 [INFO] [GameBot.Core] GameBot đã sẵn sàng hoạt động.
20:09:53 [INFO] [GameBot.Core] Bắt đầu vòng lặp vô hạn. Nhấn Ctrl+C để dừng.
20:09:53 [INFO] [GameBot.Core] 
==================== BẮT ĐẦU VÒNG #1 ====================
20:09:54 [INFO] [GameBot.Core] === [STATE] Vào Tab VIP7 ===
20:09:56 [INFO] [GameBot.Core] 👁️ [Tab VIP7] Màn hình đã xuất hiện 'vip7_tab' sau 1.30s (conf: 0.98) tại (852, 437)
20:09:56 [INFO] [GameBot.Core] [Click Tab VIP7] -> Tap tại điểm (852, 437)
20:09:58 [INFO] [GameBot.Vision] Frame (1080x1920) -> Điểm quét từng dòng: [0.947, 0.964, 0.589] (Dòng cao nhất: #2: 0.964)
20:09:58 [INFO] [GameBot.Core] 💎 [VIP7] Phát hiện Kim Cương ở DÒNG #2 (conf: 0.964 >= 0.80). Click tại (539, 1507)
20:09:58 [INFO] [GameBot.Core] [Click Center Row #2] -> Tap tại điểm (539, 1507)
20:09:59 [INFO] [GameBot.Core] --- [CHƠI DÒNG KIM CƯƠNG (VIP7)] Chuỗi tối đa 2 lượt nhận quà ---
20:10:00 [INFO] [GameBot.Core] 🎲 [VIP7] Màn hình bàn cờ xúc xắc đã xuất hiện sẵn sàng.
20:10:00 [INFO] [GameBot.Core] 👉 [VIP7] Lượt chơi #1/2...
20:10:00 [INFO] [GameBot.Core] [EVEN] Chờ nút CHẴN (EVEN) xuất hiện trên màn hình...
20:10:03 [INFO] [GameBot.Core] 👁️ [Nút CHẴN (EVEN)] Màn hình đã xuất hiện 'even_btn' sau 2.31s (conf: 1.00) tại (945, 811)
20:10:03 [INFO] [GameBot.Core] [Select EVEN] -> Tap tại điểm (945, 811)
20:10:03 [INFO] [GameBot.Core] ⏳ Đang theo dõi màn hình chờ xúc xắc xong và nút Rút lui / Popup xuất hiện...
20:10:09 [INFO] [GameBot.Core] 🎉 [Nhận quà] Màn hình đã xuất hiện nút 'Rút lui' sau 5.82s (conf: 0.97) -> Bấm tại (537, 1209)
20:10:09 [INFO] [GameBot.Core] [Click Rut Lui] -> Tap tại điểm (537, 1209)
20:10:10 [INFO] [GameBot.Core] ✅ Nút/Popup 'rut_lui_btn' đã đóng hoàn toàn khỏi màn hình.
20:10:10 [INFO] [GameBot.Core] ✅ [VIP7] Hoàn thành xong lượt #1/2.
20:10:11 [INFO] [GameBot.Core] 👉 [VIP7] Lượt chơi #2/2...
20:10:11 [INFO] [GameBot.Core] [EVEN] Chờ nút CHẴN (EVEN) xuất hiện trên màn hình...
20:10:13 [INFO] [GameBot.Core] 👁️ [Nút CHẴN (EVEN)] Màn hình đã xuất hiện 'even_btn' sau 1.72s (conf: 1.00) tại (945, 811)
20:10:13 [INFO] [GameBot.Core] [Select EVEN] -> Tap tại điểm (945, 811)
20:10:13 [INFO] [GameBot.Core] ⏳ Đang theo dõi màn hình chờ xúc xắc xong và nút Rút lui / Popup xuất hiện...
20:10:20 [INFO] [GameBot.Core] 🎉 [Nhận quà] Màn hình đã xuất hiện nút 'Rút lui' sau 6.73s (conf: 0.98) -> Bấm tại (537, 1209)
20:10:20 [INFO] [GameBot.Core] [Click Rut Lui] -> Tap tại điểm (537, 1209)
20:10:21 [INFO] [GameBot.Core] ✅ Nút/Popup 'rut_lui_btn' đã đóng hoàn toàn khỏi màn hình.
20:10:21 [INFO] [GameBot.Core] ✅ [VIP7] Hoàn thành xong lượt #2/2.
20:10:22 [INFO] [GameBot.Core] 🎉 [VIP7] Đã hoàn thành đủ 2/2 lượt nhận quà.
20:10:23 [INFO] [GameBot.Core] === [STATE] Vào Tab VIP7 ===
20:10:31 [WARNING] [GameBot.Core] ⚠️ Không nhận diện được 'vip7_tab' trên màn hình -> Sử dụng toạ độ chuẩn (847, 437)
20:10:31 [INFO] [GameBot.Core] [Click Tab VIP7 (Fixed Pos)] -> Tap tại điểm (847, 437)
20:10:33 [INFO] [GameBot.Vision] Frame (1080x1920) -> Điểm quét từng dòng: [0.955, 0.563] (Dòng cao nhất: #1: 0.955)
20:10:33 [INFO] [GameBot.Core] 💎 [VIP7] Phát hiện Kim Cương ở DÒNG #1 (conf: 0.955 >= 0.80). Click tại (539, 1243)
20:10:33 [INFO] [GameBot.Core] [Click Center Row #1] -> Tap tại điểm (539, 1243)
20:10:34 [INFO] [GameBot.Core] --- [CHƠI DÒNG KIM CƯƠNG (VIP7)] Chuỗi tối đa 2 lượt nhận quà ---
20:10:35 [WARNING] [GameBot.Core] ⚠️ [VIP7] Dòng này đã hết lượt đổi / hết vật phẩm! Bấm OK tại (510, 1685) và chuyển dòng ngay.
20:10:35 [INFO] [GameBot.Core] [Click OK (Het luot doi)] -> Tap tại điểm (510, 1685)
20:10:37 [INFO] [GameBot.Core] ✅ Nút/Popup 'ok_btn' đã đóng hoàn toàn khỏi màn hình.
20:10:37 [INFO] [GameBot.Core] === [STATE] Vào Tab VIP7 ===
20:10:45 [WARNING] [GameBot.Core] ⚠️ Không nhận diện được 'vip7_tab' trên màn hình -> Sử dụng toạ độ chuẩn (847, 437)
20:10:45 [INFO] [GameBot.Core] [Click Tab VIP7 (Fixed Pos)] -> Tap tại điểm (847, 437)
20:10:46 [INFO] [GameBot.Vision] Frame (1080x1920) -> Điểm quét từng dòng: [0.563] (Dòng cao nhất: #1: 0.563)
20:10:46 [WARNING] [GameBot.Vision] Không có dòng nào đạt ngưỡng 0.80 (Điểm cao nhất: #1 = 0.563)
20:10:46 [INFO] [GameBot.Core] [VIP7] Không còn dòng Kim Cương nào chưa chơi (ngưỡng >= 0.80). Chuyển sang VIP9.
20:10:46 [INFO] [GameBot.Core] === [STATE] Vào Tab VIP9 ===
20:10:48 [INFO] [GameBot.Core] 👁️ [Tab VIP9] Màn hình đã xuất hiện 'vip9_tab' sau 1.58s (conf: 0.98) tại (991, 437)
20:10:48 [INFO] [GameBot.Core] [Click Tab VIP9] -> Tap tại điểm (991, 437)
20:10:50 [INFO] [GameBot.Vision] Frame (1080x1920) -> Điểm quét từng dòng: [0.705, 0.394, 0.28] (Dòng cao nhất: #1: 0.705)
20:10:50 [WARNING] [GameBot.Vision] Không có dòng nào đạt ngưỡng 0.80 (Điểm cao nhất: #1 = 0.705)
20:10:50 [INFO] [GameBot.Core] [VIP9] Không còn dòng Kim Cương nào ở các dòng đầu (ngưỡng >= 0.80).
20:10:50 [INFO] [GameBot.Core] [VIP9] Cuộn khay item lên để kiểm tra Dòng 4...
20:10:50 [INFO] [GameBot.Core] === [STATE] Vào Tab VIP9 ===
20:10:58 [WARNING] [GameBot.Core] ⚠️ Không nhận diện được 'vip9_tab' trên màn hình -> Sử dụng toạ độ chuẩn (986, 437)
20:10:58 [INFO] [GameBot.Core] [Click Tab VIP9 (Fixed Pos)] -> Tap tại điểm (986, 437)
20:10:58 [INFO] [GameBot.Core] [VIP9] Đang cuộn khay item lên: từ (540, 1651) -> (540, 691)...
20:11:00 [INFO] [GameBot.Vision] Frame (1080x1920) -> Điểm quét từng dòng: [0.747] (Dòng cao nhất: #1: 0.747)
20:11:00 [WARNING] [GameBot.Vision] Không có dòng nào đạt ngưỡng 0.80 (Điểm cao nhất: #1 = 0.747)
20:11:00 [INFO] [GameBot.Core] [VIP9] Không có Kim Cương ở Dòng 4.
20:11:00 [INFO] [GameBot.Core] === [STATE] Bấm Reset (Refresh) ===
20:11:01 [INFO] [GameBot.Core] ⏳ Chờ nút Reset xuất hiện trên màn hình...
20:11:02 [INFO] [GameBot.Core] 👁️ [Nút Reset (Refresh)] Màn hình đã xuất hiện 'reset_btn' sau 1.42s (conf: 0.98) tại (146, 448)
20:11:02 [INFO] [GameBot.Core] 🔄 Bấm nút Reset tại (146, 448)
20:11:02 [INFO] [GameBot.Core] [Reset Cycle] -> Tap tại điểm (146, 448)
20:11:03 [INFO] [GameBot.Core] ⏳ Đang theo dõi màn hình chờ nút OK xác nhận Reset xuất hiện...
20:11:07 [INFO] [GameBot.Core] ✅ Giao diện đã tự động làm mới về màn hình VIP.
20:11:08 [INFO] [GameBot.Core] ✅ Hoàn tất quá trình Reset.
20:11:08 [INFO] [GameBot.Core] ✅ Hoàn thành vòng #1 trong 75.00s!
20:11:08 [INFO] [GameBot.Core] 
==================== BẮT ĐẦU VÒNG #2 ====================
20:11:09 [INFO] [GameBot.Core] === [STATE] Vào Tab VIP7 ===
20:11:12 [INFO] [GameBot.Core] 👁️ [Tab VIP7] Màn hình đã xuất hiện 'vip7_tab' sau 1.50s (conf: 0.98) tại (852, 437)
20:11:12 [INFO] [GameBot.Core] [Click Tab VIP7] -> Tap tại điểm (852, 437)
20:11:13 [INFO] [GameBot.Vision] Frame (1080x1920) -> Điểm quét từng dòng: [0.301, 0.247, 0.222] (Dòng cao nhất: #1: 0.301)
20:11:13 [WARNING] [GameBot.Vision] Không có dòng nào đạt ngưỡng 0.80 (Điểm cao nhất: #1 = 0.301)
20:11:13 [INFO] [GameBot.Core] [VIP7] Không còn dòng Kim Cương nào chưa chơi (ngưỡng >= 0.80). Chuyển sang VIP9.
20:11:13 [INFO] [GameBot.Core] === [STATE] Vào Tab VIP9 ===
20:11:15 [INFO] [GameBot.Core] 👁️ [Tab VIP9] Màn hình đã xuất hiện 'vip9_tab' sau 1.24s (conf: 0.98) tại (991, 437)
20:11:15 [INFO] [GameBot.Core] [Click Tab VIP9] -> Tap tại điểm (991, 437)
20:11:17 [INFO] [GameBot.Vision] Frame (1080x1920) -> Điểm quét từng dòng: [0.25, 0.182, 0.363] (Dòng cao nhất: #3: 0.363)
20:11:17 [WARNING] [GameBot.Vision] Không có dòng nào đạt ngưỡng 0.80 (Điểm cao nhất: #3 = 0.363)
20:11:17 [INFO] [GameBot.Core] [VIP9] Không còn dòng Kim Cương nào ở các dòng đầu (ngưỡng >= 0.80).
20:11:17 [INFO] [GameBot.Core] [VIP9] Cuộn khay item lên để kiểm tra Dòng 4...
20:11:17 [INFO] [GameBot.Core] === [STATE] Vào Tab VIP9 ===
20:11:20 [INFO] [GameBot.Core] Nhận tín hiệu dừng từ người dùng.
20:11:20 [INFO] [GameBot.Core] Tổng kết: Hoàn thành 2 vòng | Thành công: 1
20:11:20 [INFO] [GameBot.Core] Đang dừng GameBot...
20:11:20 [INFO] [GameBot.Capture] FastCapture đã dừng.
20:11:20 [INFO] [GameBot.Core] GameBot đã dừng.
20:15:45 [INFO] [GameBot.Core] Đang khởi động GameBot...
20:15:45 [INFO] [GameBot.Capture] Đang sử dụng ADB tại: 'C:\Users\chudu\AppData\Local\Programs\Python\Python313\Lib\site-packages\adbutils\binaries\adb.exe'
20:15:45 [INFO] [GameBot.Capture] Đang tìm kiếm thiết bị Android (Tự động kết nối)...
20:15:45 [INFO] [GameBot.Capture] ✅ Đã tự động chọn thiết bị: 127.0.0.1:16384
20:15:45 [INFO] [GameBot.Core] GameBot đã sẵn sàng hoạt động.
20:15:45 [INFO] [GameBot.Core] Bắt đầu vòng lặp vô hạn. Nhấn Ctrl+C để dừng.
20:15:45 [INFO] [GameBot.Core] 
==================== BẮT ĐẦU VÒNG #1 ====================
20:15:46 [INFO] [GameBot.Core] === [STATE] Vào Tab VIP7 ===
20:15:48 [INFO] [GameBot.Core] 👁️ [Tab VIP7] Màn hình đã xuất hiện 'vip7_tab' sau 1.25s (conf: 0.98) tại (852, 437)
20:15:48 [INFO] [GameBot.Core] [Click Tab VIP7] -> Tap tại điểm (852, 437)
20:15:51 [INFO] [GameBot.Vision] Frame (1080x1920) -> Điểm quét từng dòng: [0.281, 0.615, 0.853] (Dòng cao nhất: #3: 0.853)
20:15:51 [INFO] [GameBot.Core] 💎 [VIP7] Phát hiện Kim Cương ở DÒNG #3 (conf: 0.853 >= 0.80). Click tại (539, 1747)
20:15:51 [INFO] [GameBot.Core] [Click Center Row #3] -> Tap tại điểm (539, 1747)
20:15:52 [INFO] [GameBot.Core] --- [CHƠI DÒNG KIM CƯƠNG (VIP7)] Chuỗi tối đa 2 lượt nhận quà ---
20:15:54 [WARNING] [GameBot.Core] ⚠️ [VIP7] Dòng này đã hết lượt đổi / hết vật phẩm! Bấm OK tại (510, 1685) và chuyển dòng ngay.
20:15:54 [INFO] [GameBot.Core] [Click OK (Het luot doi)] -> Tap tại điểm (510, 1685)
20:15:55 [INFO] [GameBot.Core] ✅ Nút/Popup 'ok_btn' đã đóng hoàn toàn khỏi màn hình.
20:15:57 [INFO] [GameBot.Vision] Frame (1080x1920) -> Điểm quét từng dòng: [0.282, 0.624] (Dòng cao nhất: #2: 0.624)
20:15:57 [WARNING] [GameBot.Vision] Không có dòng nào đạt ngưỡng 0.80 (Điểm cao nhất: #2 = 0.624)
20:15:57 [INFO] [GameBot.Core] [VIP7] Không còn dòng Kim Cương nào chưa chơi (ngưỡng >= 0.80). Chuyển sang VIP9.
20:15:57 [INFO] [GameBot.Core] === [STATE] Vào Tab VIP9 ===
20:15:59 [INFO] [GameBot.Core] 👁️ [Tab VIP9] Màn hình đã xuất hiện 'vip9_tab' sau 1.44s (conf: 0.98) tại (991, 437)
20:15:59 [INFO] [GameBot.Core] [Click Tab VIP9] -> Tap tại điểm (991, 437)
20:16:02 [INFO] [GameBot.Vision] Frame (1080x1920) -> Điểm quét từng dòng: [0.958, 0.697, 0.855] (Dòng cao nhất: #1: 0.958)
20:16:02 [INFO] [GameBot.Core] 💎 [VIP9] Phát hiện Kim Cương ở DÒNG #1 (conf: 0.958 >= 0.80). Click tại (539, 1243)
20:16:02 [INFO] [GameBot.Core] [Click Center Row #1] -> Tap tại điểm (539, 1243)
20:16:03 [INFO] [GameBot.Core] --- [CHƠI DÒNG KIM CƯƠNG (VIP9)] Chuỗi tối đa 3 lượt nhận quà ---
20:16:05 [WARNING] [GameBot.Core] ⚠️ [VIP9] Dòng này đã hết lượt đổi / hết vật phẩm! Bấm OK tại (510, 1685) và chuyển dòng ngay.
20:16:05 [INFO] [GameBot.Core] [Click OK (Het luot doi)] -> Tap tại điểm (510, 1685)
20:16:06 [INFO] [GameBot.Core] ✅ Nút/Popup 'ok_btn' đã đóng hoàn toàn khỏi màn hình.
20:16:08 [INFO] [GameBot.Vision] Frame (1080x1920) -> Điểm quét từng dòng: [0.709, 0.863] (Dòng cao nhất: #2: 0.863)
20:16:08 [INFO] [GameBot.Core] 💎 [VIP9] Phát hiện Kim Cương ở DÒNG #3 (conf: 0.863 >= 0.80). Click tại (539, 1685)
20:16:08 [INFO] [GameBot.Core] [Click Center Row #3] -> Tap tại điểm (539, 1685)
20:16:09 [INFO] [GameBot.Core] --- [CHƠI DÒNG KIM CƯƠNG (VIP9)] Chuỗi tối đa 3 lượt nhận quà ---
20:16:10 [INFO] [GameBot.Core] 🎲 [VIP9] Màn hình bàn cờ xúc xắc đã xuất hiện sẵn sàng.
20:16:10 [INFO] [GameBot.Core] 👉 [VIP9] Lượt chơi #1/3...
20:16:10 [INFO] [GameBot.Core] [EVEN] Chờ nút CHẴN (EVEN) xuất hiện trên màn hình...
20:16:12 [INFO] [GameBot.Core] 👁️ [Nút CHẴN (EVEN)] Màn hình đã xuất hiện 'even_btn' sau 1.61s (conf: 1.00) tại (945, 811)
20:16:12 [INFO] [GameBot.Core] [Select EVEN] -> Tap tại điểm (945, 811)
20:16:12 [INFO] [GameBot.Core] ⏳ Đang theo dõi màn hình chờ xúc xắc xong và nút Rút lui / Popup xuất hiện...
20:16:20 [INFO] [GameBot.Core] 🎉 [Nhận quà] Màn hình đã xuất hiện nút 'Rút lui' sau 7.36s (conf: 0.98) -> Bấm tại (537, 1209)
20:16:20 [INFO] [GameBot.Core] [Click Rut Lui] -> Tap tại điểm (537, 1209)
20:16:21 [INFO] [GameBot.Core] ✅ Nút/Popup 'rut_lui_btn' đã đóng hoàn toàn khỏi màn hình.
20:16:21 [INFO] [GameBot.Core] ✅ [VIP9] Hoàn thành xong lượt #1/3.
20:16:22 [INFO] [GameBot.Core] 👉 [VIP9] Lượt chơi #2/3...
20:16:22 [INFO] [GameBot.Core] [EVEN] Chờ nút CHẴN (EVEN) xuất hiện trên màn hình...
20:16:24 [INFO] [GameBot.Core] 👁️ [Nút CHẴN (EVEN)] Màn hình đã xuất hiện 'even_btn' sau 1.66s (conf: 1.00) tại (945, 811)
20:16:24 [INFO] [GameBot.Core] [Select EVEN] -> Tap tại điểm (945, 811)
20:16:24 [INFO] [GameBot.Core] ⏳ Đang theo dõi màn hình chờ xúc xắc xong và nút Rút lui / Popup xuất hiện...
20:16:31 [INFO] [GameBot.Core] 🎉 [Nhận quà] Màn hình đã xuất hiện nút 'Rút lui' sau 6.58s (conf: 0.97) -> Bấm tại (537, 1209)
20:16:31 [INFO] [GameBot.Core] [Click Rut Lui] -> Tap tại điểm (537, 1209)
20:16:32 [INFO] [GameBot.Core] ✅ Nút/Popup 'rut_lui_btn' đã đóng hoàn toàn khỏi màn hình.
20:16:32 [INFO] [GameBot.Core] ✅ [VIP9] Hoàn thành xong lượt #2/3.
20:16:33 [INFO] [GameBot.Core] 👉 [VIP9] Lượt chơi #3/3...
20:16:33 [INFO] [GameBot.Core] [EVEN] Chờ nút CHẴN (EVEN) xuất hiện trên màn hình...
20:16:34 [INFO] [GameBot.Core] 👁️ [Nút CHẴN (EVEN)] Màn hình đã xuất hiện 'even_btn' sau 1.72s (conf: 1.00) tại (945, 811)
20:16:34 [INFO] [GameBot.Core] [Select EVEN] -> Tap tại điểm (945, 811)
20:16:35 [INFO] [GameBot.Core] ⏳ Đang theo dõi màn hình chờ xúc xắc xong và nút Rút lui / Popup xuất hiện...
20:16:42 [INFO] [GameBot.Core] 🎉 [Nhận quà] Màn hình đã xuất hiện nút 'Rút lui' sau 7.56s (conf: 0.96) -> Bấm tại (537, 1209)
20:16:42 [INFO] [GameBot.Core] [Click Rut Lui] -> Tap tại điểm (537, 1209)
20:16:43 [INFO] [GameBot.Core] ✅ Nút/Popup 'rut_lui_btn' đã đóng hoàn toàn khỏi màn hình.
20:16:43 [INFO] [GameBot.Core] ✅ [VIP9] Hoàn thành xong lượt #3/3.
20:16:44 [INFO] [GameBot.Core] 🎉 [VIP9] Đã hoàn thành đủ 3/3 lượt nhận quà.
20:16:47 [INFO] [GameBot.Vision] Frame (1080x1920) -> Điểm quét từng dòng: [0.709] (Dòng cao nhất: #1: 0.709)
20:16:47 [WARNING] [GameBot.Vision] Không có dòng nào đạt ngưỡng 0.80 (Điểm cao nhất: #1 = 0.709)
20:16:47 [INFO] [GameBot.Core] [VIP9] Không còn dòng Kim Cương nào ở các dòng đầu (ngưỡng >= 0.80).
20:16:47 [INFO] [GameBot.Core] [VIP9] Cuộn khay item lên để kiểm tra Dòng 4...
20:16:48 [INFO] [GameBot.Core] [VIP9] Đang cuộn khay item lên: từ (540, 1651) -> (540, 691)...
20:16:50 [INFO] [GameBot.Vision] Frame (1080x1920) -> Điểm quét từng dòng: [0.955] (Dòng cao nhất: #1: 0.955)
20:16:50 [INFO] [GameBot.Core] 💎 [VIP9] Phát hiện Kim Cương ở DÒNG 4 (conf: 0.955 >= 0.80). Click tại (539, 1685)
20:16:50 [INFO] [GameBot.Core] [Click Row 4] -> Tap tại điểm (539, 1685)
20:16:50 [INFO] [GameBot.Core] --- [CHƠI DÒNG KIM CƯƠNG (VIP9)] Chuỗi tối đa 3 lượt nhận quà ---
20:16:53 [WARNING] [GameBot.Core] ⚠️ [VIP9] Dòng này đã hết lượt đổi / hết vật phẩm! Bấm OK tại (510, 1685) và chuyển dòng ngay.
20:16:53 [INFO] [GameBot.Core] [Click OK (Het luot doi)] -> Tap tại điểm (510, 1685)
20:16:54 [INFO] [GameBot.Core] ✅ Nút/Popup 'ok_btn' đã đóng hoàn toàn khỏi màn hình.
20:16:54 [INFO] [GameBot.Core] [VIP9] Đang cuộn khay item xuống lại đầu trang: từ (540, 691) -> (540, 1651)...
20:16:55 [INFO] [GameBot.Core] === [STATE] Bấm Reset (Refresh) ===
20:16:55 [INFO] [GameBot.Core] ⏳ Chờ nút Reset xuất hiện trên màn hình...
20:16:57 [INFO] [GameBot.Core] 👁️ [Nút Reset (Refresh)] Màn hình đã xuất hiện 'reset_btn' sau 1.34s (conf: 0.98) tại (146, 448)
20:16:57 [INFO] [GameBot.Core] 🔄 Bấm nút Reset tại (146, 448)
20:16:57 [INFO] [GameBot.Core] [Reset Cycle] -> Tap tại điểm (146, 448)
20:16:57 [INFO] [GameBot.Core] ⏳ Đang theo dõi màn hình chờ nút OK xác nhận Reset xuất hiện...
20:17:01 [INFO] [GameBot.Core] ✅ Giao diện đã tự động làm mới về màn hình VIP.
20:17:02 [INFO] [GameBot.Core] ✅ Hoàn tất quá trình Reset.
20:17:02 [INFO] [GameBot.Core] ✅ Hoàn thành vòng #1 trong 76.91s!
20:17:02 [INFO] [GameBot.Core] 
==================== BẮT ĐẦU VÒNG #2 ====================
20:17:03 [INFO] [GameBot.Core] === [STATE] Vào Tab VIP7 ===
20:17:06 [INFO] [GameBot.Core] 👁️ [Tab VIP7] Màn hình đã xuất hiện 'vip7_tab' sau 1.51s (conf: 0.98) tại (852, 437)
20:17:06 [INFO] [GameBot.Core] [Click Tab VIP7] -> Tap tại điểm (852, 437)
20:17:07 [INFO] [GameBot.Core] Nhận tín hiệu dừng từ người dùng.
20:17:07 [INFO] [GameBot.Core] Tổng kết: Hoàn thành 2 vòng | Thành công: 1
20:17:07 [INFO] [GameBot.Core] Đang dừng GameBot...
20:17:07 [INFO] [GameBot.Capture] FastCapture đã dừng.
20:17:07 [INFO] [GameBot.Core] GameBot đã dừng.
20:24:42 [INFO] [GameBot.Core] Đang khởi động GameBot...
20:24:42 [INFO] [GameBot.Capture] Đang sử dụng ADB tại: 'C:\Users\chudu\AppData\Local\Programs\Python\Python313\Lib\site-packages\adbutils\binaries\adb.exe'
20:24:42 [INFO] [GameBot.Capture] Đang tìm kiếm thiết bị Android (Tự động kết nối)...
20:24:42 [INFO] [GameBot.Capture] ✅ Đã tự động chọn thiết bị: 127.0.0.1:16384
20:24:42 [INFO] [GameBot.Core] GameBot đã sẵn sàng hoạt động.
20:24:42 [INFO] [GameBot.Core] Bắt đầu vòng lặp vô hạn. Nhấn Ctrl+C để dừng.
20:24:42 [INFO] [GameBot.Core] 
==================== BẮT ĐẦU VÒNG #1 ====================
20:24:44 [INFO] [GameBot.Core] === [STATE] Vào Tab VIP7 ===
20:24:45 [INFO] [GameBot.Core] 👁️ [Tab VIP7] Màn hình đã xuất hiện 'vip7_tab' sau 1.00s (conf: 0.98) tại (852, 437)
20:24:45 [INFO] [GameBot.Core] [Click Tab VIP7] -> Tap tại điểm (852, 437)
20:24:48 [INFO] [GameBot.Vision] Frame (1080x1920) -> Điểm quét từng dòng: [0.277, 0.696, 0.506] (Dòng cao nhất: #2: 0.696)
20:24:48 [WARNING] [GameBot.Vision] Không có dòng nào đạt ngưỡng 0.80 (Điểm cao nhất: #2 = 0.696)
20:24:48 [INFO] [GameBot.Core] [VIP7] Không còn dòng Kim Cương nào chưa chơi (ngưỡng >= 0.80). Chuyển sang VIP9.
20:24:48 [INFO] [GameBot.Core] === [STATE] Vào Tab VIP9 ===
20:24:51 [INFO] [GameBot.Core] 👁️ [Tab VIP9] Màn hình đã xuất hiện 'vip9_tab' sau 1.32s (conf: 0.98) tại (991, 437)
20:24:51 [INFO] [GameBot.Core] [Click Tab VIP9] -> Tap tại điểm (991, 437)
20:24:53 [INFO] [GameBot.Vision] Frame (1080x1920) -> Điểm quét từng dòng: [0.602, 0.959, 0.344] (Dòng cao nhất: #2: 0.959)
20:24:53 [INFO] [GameBot.Core] 💎 [VIP9] Phát hiện Kim Cương ở DÒNG #2 (conf: 0.959 >= 0.80). Click tại (539, 1507)
20:24:53 [INFO] [GameBot.Core] [Click Center Row #2] -> Tap tại điểm (539, 1507)
20:24:54 [INFO] [GameBot.Core] --- [CHƠI DÒNG KIM CƯƠNG (VIP9)] Chuỗi tối đa 3 lượt nhận quà ---
20:24:55 [INFO] [GameBot.Core] 🎲 [VIP9] Màn hình bàn cờ xúc xắc đã xuất hiện sẵn sàng.
20:24:55 [INFO] [GameBot.Core] 👉 [VIP9] Lượt chơi #1/3...
20:24:55 [INFO] [GameBot.Core] [EVEN] Chờ nút CHẴN (EVEN) xuất hiện trên màn hình...
20:24:57 [INFO] [GameBot.Core] 👁️ [Nút CHẴN (EVEN)] Màn hình đã xuất hiện 'even_btn' sau 1.30s (conf: 1.00) tại (945, 811)
20:24:57 [INFO] [GameBot.Core] [Select EVEN] -> Tap tại điểm (945, 811)
20:24:57 [INFO] [GameBot.Core] ⏳ Đang theo dõi màn hình chờ xúc xắc xong và nút Rút lui / Popup xuất hiện...
20:25:02 [INFO] [GameBot.Core] 🎉 [Nhận quà] Màn hình đã xuất hiện nút 'Rút lui' sau 4.61s (conf: 0.97) -> Bấm tại (537, 1209)
20:25:02 [INFO] [GameBot.Core] [Click Rut Lui] -> Tap tại điểm (537, 1209)
20:25:03 [INFO] [GameBot.Core] ✅ Nút/Popup 'rut_lui_btn' đã đóng hoàn toàn khỏi màn hình.
20:25:03 [INFO] [GameBot.Core] ✅ [VIP9] Hoàn thành xong lượt #1/3.
20:25:04 [INFO] [GameBot.Core] 👉 [VIP9] Lượt chơi #2/3...
20:25:04 [INFO] [GameBot.Core] [EVEN] Chờ nút CHẴN (EVEN) xuất hiện trên màn hình...
20:25:06 [INFO] [GameBot.Core] 👁️ [Nút CHẴN (EVEN)] Màn hình đã xuất hiện 'even_btn' sau 1.98s (conf: 1.00) tại (945, 811)
20:25:06 [INFO] [GameBot.Core] [Select EVEN] -> Tap tại điểm (945, 811)
20:25:06 [INFO] [GameBot.Core] ⏳ Đang theo dõi màn hình chờ xúc xắc xong và nút Rút lui / Popup xuất hiện...
20:25:12 [INFO] [GameBot.Core] 🎉 [Nhận quà] Màn hình đã xuất hiện nút 'Rút lui' sau 5.29s (conf: 0.97) -> Bấm tại (537, 1209)
20:25:12 [INFO] [GameBot.Core] [Click Rut Lui] -> Tap tại điểm (537, 1209)
20:25:13 [INFO] [GameBot.Core] ✅ Nút/Popup 'rut_lui_btn' đã đóng hoàn toàn khỏi màn hình.
20:25:13 [INFO] [GameBot.Core] ✅ [VIP9] Hoàn thành xong lượt #2/3.
20:25:14 [INFO] [GameBot.Core] 👉 [VIP9] Lượt chơi #3/3...
20:25:14 [INFO] [GameBot.Core] [EVEN] Chờ nút CHẴN (EVEN) xuất hiện trên màn hình...
20:25:15 [INFO] [GameBot.Core] 👁️ [Nút CHẴN (EVEN)] Màn hình đã xuất hiện 'even_btn' sau 1.33s (conf: 1.00) tại (945, 811)
20:25:15 [INFO] [GameBot.Core] [Select EVEN] -> Tap tại điểm (945, 811)
20:25:15 [INFO] [GameBot.Core] ⏳ Đang theo dõi màn hình chờ xúc xắc xong và nút Rút lui / Popup xuất hiện...
20:25:21 [INFO] [GameBot.Core] 🎉 [Nhận quà] Màn hình đã xuất hiện nút 'Rút lui' sau 6.01s (conf: 0.97) -> Bấm tại (537, 1209)
20:25:21 [INFO] [GameBot.Core] [Click Rut Lui] -> Tap tại điểm (537, 1209)
20:25:22 [INFO] [GameBot.Core] ✅ Nút/Popup 'rut_lui_btn' đã đóng hoàn toàn khỏi màn hình.
20:25:22 [INFO] [GameBot.Core] ✅ [VIP9] Hoàn thành xong lượt #3/3.
20:25:23 [INFO] [GameBot.Core] 🎉 [VIP9] Đã hoàn thành đủ 3/3 lượt nhận quà.
20:25:27 [INFO] [GameBot.Vision] Frame (1080x1920) -> Điểm quét từng dòng: [0.701, 0.644] (Dòng cao nhất: #1: 0.701)
20:25:27 [WARNING] [GameBot.Vision] Không có dòng nào đạt ngưỡng 0.80 (Điểm cao nhất: #1 = 0.701)
20:25:27 [INFO] [GameBot.Core] [VIP9] Không còn dòng Kim Cương nào ở các dòng đầu (ngưỡng >= 0.80).
20:25:27 [INFO] [GameBot.Core] [VIP9] Cuộn khay item lên để kiểm tra Dòng 4...
20:25:28 [INFO] [GameBot.Core] [VIP9] Đang cuộn khay item lên: từ (540, 1651) -> (540, 691)...
20:25:30 [INFO] [GameBot.Vision] Frame (1080x1920) -> Điểm quét từng dòng: [0.698] (Dòng cao nhất: #1: 0.698)
20:25:30 [WARNING] [GameBot.Vision] Không có dòng nào đạt ngưỡng 0.80 (Điểm cao nhất: #1 = 0.698)
20:25:30 [INFO] [GameBot.Core] [VIP9] Không có Kim Cương ở Dòng 4.
20:25:32 [INFO] [GameBot.Core] [VIP9] Đang cuộn khay item xuống lại đầu trang: từ (540, 691) -> (540, 1651)...
20:25:33 [INFO] [GameBot.Core] === [STATE] Bấm Reset (Refresh) ===
20:25:35 [INFO] [GameBot.Core] ⏳ Chờ nút Reset xuất hiện trên màn hình...
20:25:36 [INFO] [GameBot.Core] 👁️ [Nút Reset (Refresh)] Màn hình đã xuất hiện 'reset_btn' sau 1.50s (conf: 0.98) tại (146, 448)
20:25:36 [INFO] [GameBot.Core] 🔄 Bấm nút Reset tại (146, 448)
20:25:36 [INFO] [GameBot.Core] [Reset Cycle] -> Tap tại điểm (146, 448)
20:25:36 [INFO] [GameBot.Core] ⏳ Đang theo dõi màn hình chờ nút OK xác nhận Reset xuất hiện...
20:25:40 [INFO] [GameBot.Core] ✅ Giao diện đã tự động làm mới về màn hình VIP.
20:25:41 [INFO] [GameBot.Core] ✅ Hoàn tất quá trình Reset.
20:25:41 [INFO] [GameBot.Core] ✅ Hoàn thành vòng #1 trong 59.30s!
20:25:41 [INFO] [GameBot.Core] 
==================== BẮT ĐẦU VÒNG #2 ====================
20:25:42 [INFO] [GameBot.Core] === [STATE] Vào Tab VIP7 ===
20:25:44 [INFO] [GameBot.Core] 👁️ [Tab VIP7] Màn hình đã xuất hiện 'vip7_tab' sau 1.20s (conf: 0.98) tại (852, 437)
20:25:44 [INFO] [GameBot.Core] [Click Tab VIP7] -> Tap tại điểm (852, 437)
20:25:47 [INFO] [GameBot.Vision] Frame (1080x1920) -> Điểm quét từng dòng: [0.272, 0.144, 0.123] (Dòng cao nhất: #1: 0.272)
20:25:47 [WARNING] [GameBot.Vision] Không có dòng nào đạt ngưỡng 0.80 (Điểm cao nhất: #1 = 0.272)
20:25:47 [INFO] [GameBot.Core] [VIP7] Không còn dòng Kim Cương nào chưa chơi (ngưỡng >= 0.80). Chuyển sang VIP9.
20:25:47 [INFO] [GameBot.Core] === [STATE] Vào Tab VIP9 ===
20:25:51 [INFO] [GameBot.Core] 👁️ [Tab VIP9] Màn hình đã xuất hiện 'vip9_tab' sau 1.30s (conf: 0.98) tại (991, 437)
20:25:51 [INFO] [GameBot.Core] [Click Tab VIP9] -> Tap tại điểm (991, 437)
20:25:53 [INFO] [GameBot.Vision] Frame (1080x1920) -> Điểm quét từng dòng: [0.187, 0.238, 0.747] (Dòng cao nhất: #3: 0.747)
20:25:53 [WARNING] [GameBot.Vision] Không có dòng nào đạt ngưỡng 0.80 (Điểm cao nhất: #3 = 0.747)
20:25:53 [INFO] [GameBot.Core] [VIP9] Không còn dòng Kim Cương nào ở các dòng đầu (ngưỡng >= 0.80).
20:25:53 [INFO] [GameBot.Core] [VIP9] Cuộn khay item lên để kiểm tra Dòng 4...
20:25:54 [INFO] [GameBot.Core] [VIP9] Đang cuộn khay item lên: từ (540, 1651) -> (540, 691)...
20:25:56 [INFO] [GameBot.Vision] Frame (1080x1920) -> Điểm quét từng dòng: [0.697] (Dòng cao nhất: #1: 0.697)
20:25:56 [WARNING] [GameBot.Vision] Không có dòng nào đạt ngưỡng 0.80 (Điểm cao nhất: #1 = 0.697)
20:25:56 [INFO] [GameBot.Core] [VIP9] Không có Kim Cương ở Dòng 4.
20:25:57 [INFO] [GameBot.Core] [VIP9] Đang cuộn khay item xuống lại đầu trang: từ (540, 691) -> (540, 1651)...
20:25:57 [INFO] [GameBot.Core] === [STATE] Bấm Reset (Refresh) ===
20:25:58 [INFO] [GameBot.Core] ⏳ Chờ nút Reset xuất hiện trên màn hình...
20:25:59 [INFO] [GameBot.Core] 👁️ [Nút Reset (Refresh)] Màn hình đã xuất hiện 'reset_btn' sau 1.04s (conf: 0.98) tại (146, 448)
20:25:59 [INFO] [GameBot.Core] 🔄 Bấm nút Reset tại (146, 448)
20:25:59 [INFO] [GameBot.Core] [Reset Cycle] -> Tap tại điểm (146, 448)
20:26:00 [INFO] [GameBot.Core] ⏳ Đang theo dõi màn hình chờ nút OK xác nhận Reset xuất hiện...
20:26:03 [INFO] [GameBot.Core] ✅ Giao diện đã tự động làm mới về màn hình VIP.
20:26:04 [INFO] [GameBot.Core] ✅ Hoàn tất quá trình Reset.
20:26:04 [INFO] [GameBot.Core] ✅ Hoàn thành vòng #2 trong 22.97s!
20:26:04 [INFO] [GameBot.Core] 
==================== BẮT ĐẦU VÒNG #3 ====================
20:26:05 [INFO] [GameBot.Core] === [STATE] Vào Tab VIP7 ===
20:26:07 [INFO] [GameBot.Core] 👁️ [Tab VIP7] Màn hình đã xuất hiện 'vip7_tab' sau 1.35s (conf: 0.98) tại (852, 437)
20:26:07 [INFO] [GameBot.Core] [Click Tab VIP7] -> Tap tại điểm (852, 437)
20:26:11 [INFO] [GameBot.Vision] Frame (1080x1920) -> Điểm quét từng dòng: [0.181, 0.224, 0.228] (Dòng cao nhất: #3: 0.228)
20:26:11 [WARNING] [GameBot.Vision] Không có dòng nào đạt ngưỡng 0.80 (Điểm cao nhất: #3 = 0.228)
20:26:11 [INFO] [GameBot.Core] [VIP7] Không còn dòng Kim Cương nào chưa chơi (ngưỡng >= 0.80). Chuyển sang VIP9.
20:26:11 [INFO] [GameBot.Core] === [STATE] Vào Tab VIP9 ===
20:26:13 [INFO] [GameBot.Core] 👁️ [Tab VIP9] Màn hình đã xuất hiện 'vip9_tab' sau 1.26s (conf: 0.98) tại (991, 437)
20:26:13 [INFO] [GameBot.Core] [Click Tab VIP9] -> Tap tại điểm (991, 437)
20:26:17 [INFO] [GameBot.Vision] Frame (1080x1920) -> Điểm quét từng dòng: [0.255, 0.242, 0.668] (Dòng cao nhất: #3: 0.668)
20:26:17 [WARNING] [GameBot.Vision] Không có dòng nào đạt ngưỡng 0.80 (Điểm cao nhất: #3 = 0.668)
20:26:17 [INFO] [GameBot.Core] [VIP9] Không còn dòng Kim Cương nào ở các dòng đầu (ngưỡng >= 0.80).
20:26:17 [INFO] [GameBot.Core] [VIP9] Cuộn khay item lên để kiểm tra Dòng 4...
20:26:18 [INFO] [GameBot.Core] [VIP9] Đang cuộn khay item lên: từ (540, 1651) -> (540, 691)...
20:26:19 [INFO] [GameBot.Vision] Frame (1080x1920) -> Điểm quét từng dòng: [0.951] (Dòng cao nhất: #1: 0.951)
20:26:19 [INFO] [GameBot.Core] 💎 [VIP9] Phát hiện Kim Cương ở DÒNG 4 (conf: 0.951 >= 0.80). Click tại (539, 1685)
20:26:19 [INFO] [GameBot.Core] [Click Row 4] -> Tap tại điểm (539, 1685)
20:26:20 [INFO] [GameBot.Core] --- [CHƠI DÒNG KIM CƯƠNG (VIP9)] Chuỗi tối đa 3 lượt nhận quà ---
20:26:22 [WARNING] [GameBot.Core] ⚠️ [VIP9] Dòng này đã hết lượt đổi / hết vật phẩm! Bấm OK tại (510, 1685) và chuyển dòng ngay.
20:26:22 [INFO] [GameBot.Core] [Click OK (Het luot doi)] -> Tap tại điểm (510, 1685)
20:26:23 [INFO] [GameBot.Core] ✅ Nút/Popup 'ok_btn' đã đóng hoàn toàn khỏi màn hình.
20:26:24 [INFO] [GameBot.Core] [VIP9] Đang cuộn khay item xuống lại đầu trang: từ (540, 691) -> (540, 1651)...
20:26:25 [INFO] [GameBot.Core] === [STATE] Bấm Reset (Refresh) ===
20:26:25 [INFO] [GameBot.Core] ⏳ Chờ nút Reset xuất hiện trên màn hình...
20:26:27 [INFO] [GameBot.Core] 👁️ [Nút Reset (Refresh)] Màn hình đã xuất hiện 'reset_btn' sau 1.12s (conf: 0.98) tại (146, 448)
20:26:27 [INFO] [GameBot.Core] 🔄 Bấm nút Reset tại (146, 448)
20:26:27 [INFO] [GameBot.Core] [Reset Cycle] -> Tap tại điểm (146, 448)
20:26:27 [INFO] [GameBot.Core] ⏳ Đang theo dõi màn hình chờ nút OK xác nhận Reset xuất hiện...
20:26:30 [INFO] [GameBot.Core] 🔔 [Popup Warrior Gem] Đã xuất hiện nút OK tại (510, 1685) -> Bấm OK!
20:26:30 [INFO] [GameBot.Core] [Click OK (Warrior Gem)] -> Tap tại điểm (510, 1685)
20:26:32 [INFO] [GameBot.Core] ✅ Nút/Popup 'ok_btn' đã đóng hoàn toàn khỏi màn hình.
20:26:33 [INFO] [GameBot.Core] ✅ Hoàn tất quá trình Reset.
20:26:33 [INFO] [GameBot.Core] ✅ Hoàn thành vòng #3 trong 28.45s!
20:26:33 [INFO] [GameBot.Core] 
==================== BẮT ĐẦU VÒNG #4 ====================
20:26:33 [INFO] [GameBot.Core] Nhận tín hiệu dừng từ người dùng.
20:26:33 [INFO] [GameBot.Core] Tổng kết: Hoàn thành 4 vòng | Thành công: 3
20:26:33 [INFO] [GameBot.Core] Đang dừng GameBot...
20:26:33 [INFO] [GameBot.Capture] FastCapture đã dừng.
20:26:33 [INFO] [GameBot.Core] GameBot đã dừng.
20:30:47 [INFO] [GameBot.Core] Đang khởi động GameBot...
20:30:47 [INFO] [GameBot.Capture] Đang sử dụng ADB tại: 'C:\Users\chudu\AppData\Local\Programs\Python\Python313\Lib\site-packages\adbutils\binaries\adb.exe'
20:30:47 [INFO] [GameBot.Capture] Đang tìm kiếm thiết bị Android (Tự động kết nối)...
20:30:47 [INFO] [GameBot.Capture] ✅ Đã tự động chọn thiết bị: 127.0.0.1:16384
20:30:47 [INFO] [GameBot.Core] GameBot đã sẵn sàng hoạt động.
20:30:47 [INFO] [GameBot.Core] Bắt đầu vòng lặp vô hạn. Nhấn Ctrl+C để dừng.
20:30:47 [INFO] [GameBot.Core] 
==================== BẮT ĐẦU VÒNG #1 ====================
20:30:48 [INFO] [GameBot.Core] === [STATE] Vào Tab VIP7 ===
20:30:50 [INFO] [GameBot.Core] 👁️ [Tab VIP7] Màn hình đã xuất hiện 'vip7_tab' sau 1.32s (conf: 0.98) tại (852, 437)
20:30:50 [INFO] [GameBot.Core] [Click Tab VIP7] -> Tap tại điểm (852, 437)
20:30:53 [INFO] [GameBot.Vision] Frame (1080x1920) -> Điểm quét từng dòng: [0.48, 0.544, 0.606] (Dòng cao nhất: #3: 0.606)
20:30:53 [WARNING] [GameBot.Vision] Không có dòng nào đạt ngưỡng 0.80 (Điểm cao nhất: #3 = 0.606)
20:30:53 [INFO] [GameBot.Core] [VIP7] Không còn dòng Kim Cương nào chưa chơi (ngưỡng >= 0.80). Chuyển sang VIP9.
20:30:53 [INFO] [GameBot.Core] === [STATE] Vào Tab VIP9 ===
20:30:55 [INFO] [GameBot.Core] 👁️ [Tab VIP9] Màn hình đã xuất hiện 'vip9_tab' sau 1.24s (conf: 0.98) tại (991, 437)
20:30:55 [INFO] [GameBot.Core] [Click Tab VIP9] -> Tap tại điểm (991, 437)
20:30:58 [INFO] [GameBot.Vision] Frame (1080x1920) -> Điểm quét từng dòng: [0.564, 0.96, 0.855] (Dòng cao nhất: #2: 0.960)
20:30:58 [INFO] [GameBot.Core] 💎 [VIP9] Phát hiện Kim Cương ở DÒNG #2 (conf: 0.960 >= 0.80). Click tại (539, 1507)
20:30:58 [INFO] [GameBot.Core] [Click Center Row #2] -> Tap tại điểm (539, 1507)
20:30:59 [INFO] [GameBot.Core] --- [CHƠI DÒNG KIM CƯƠNG (VIP9)] Chuỗi tối đa 3 lượt nhận quà ---
20:31:01 [WARNING] [GameBot.Core] ⚠️ [VIP9] Dòng này đã hết lượt đổi / hết vật phẩm! Bấm OK tại (510, 1685) và chuyển dòng ngay.
20:31:01 [INFO] [GameBot.Core] [Click OK (Het luot doi)] -> Tap tại điểm (510, 1685)
20:31:02 [INFO] [GameBot.Core] ✅ Nút/Popup 'ok_btn' đã đóng hoàn toàn khỏi màn hình.
20:31:04 [INFO] [GameBot.Vision] Frame (1080x1920) -> Điểm quét từng dòng: [0.563, 0.855] (Dòng cao nhất: #2: 0.855)
20:31:04 [INFO] [GameBot.Core] 💎 [VIP9] Phát hiện Kim Cương ở DÒNG #3 (conf: 0.855 >= 0.80). Click tại (539, 1685)
20:31:04 [INFO] [GameBot.Core] [Click Center Row #3] -> Tap tại điểm (539, 1685)
20:31:05 [INFO] [GameBot.Core] --- [CHƠI DÒNG KIM CƯƠNG (VIP9)] Chuỗi tối đa 3 lượt nhận quà ---
20:31:07 [WARNING] [GameBot.Core] ⚠️ [VIP9] Dòng này đã hết lượt đổi / hết vật phẩm! Bấm OK tại (510, 1685) và chuyển dòng ngay.
20:31:07 [INFO] [GameBot.Core] [Click OK (Het luot doi)] -> Tap tại điểm (510, 1685)
20:31:08 [INFO] [GameBot.Core] ✅ Nút/Popup 'ok_btn' đã đóng hoàn toàn khỏi màn hình.
20:31:10 [INFO] [GameBot.Vision] Frame (1080x1920) -> Điểm quét từng dòng: [0.57] (Dòng cao nhất: #1: 0.570)
20:31:10 [WARNING] [GameBot.Vision] Không có dòng nào đạt ngưỡng 0.80 (Điểm cao nhất: #1 = 0.570)
20:31:10 [INFO] [GameBot.Core] [VIP9] Không còn dòng Kim Cương nào ở các dòng đầu (ngưỡng >= 0.80).
20:31:10 [INFO] [GameBot.Core] [VIP9] Cuộn khay item lên để kiểm tra Dòng 4...
20:31:12 [INFO] [GameBot.Core] [VIP9] Đang cuộn khay item lên: từ (540, 1728) -> (540, 1190)...
20:31:14 [INFO] [GameBot.Vision] Frame (1080x1920) -> Điểm quét từng dòng: [0.526] (Dòng cao nhất: #1: 0.526)
20:31:14 [WARNING] [GameBot.Vision] Không có dòng nào đạt ngưỡng 0.80 (Điểm cao nhất: #1 = 0.526)
20:31:14 [INFO] [GameBot.Core] [VIP9] Không có Kim Cương ở Dòng 4.
20:31:15 [INFO] [GameBot.Core] [VIP9] Đang cuộn khay item xuống lại đầu trang: từ (540, 1190) -> (540, 1728)...
20:31:16 [INFO] [GameBot.Core] === [STATE] Bấm Reset (Refresh) ===
20:31:16 [INFO] [GameBot.Core] ⏳ Chờ nút Reset xuất hiện trên màn hình...
20:31:17 [INFO] [GameBot.Core] 👁️ [Nút Reset (Refresh)] Màn hình đã xuất hiện 'reset_btn' sau 1.04s (conf: 0.98) tại (146, 448)
20:31:17 [INFO] [GameBot.Core] 🔄 Bấm nút Reset tại (146, 448)
20:31:17 [INFO] [GameBot.Core] [Reset Cycle] -> Tap tại điểm (146, 448)
20:31:18 [INFO] [GameBot.Core] ⏳ Đang theo dõi màn hình chờ nút OK xác nhận Reset xuất hiện...
20:31:21 [INFO] [GameBot.Core] ✅ Giao diện đã tự động làm mới về màn hình VIP.
20:31:23 [INFO] [GameBot.Core] ✅ Hoàn tất quá trình Reset.
20:31:23 [INFO] [GameBot.Core] ✅ Hoàn thành vòng #1 trong 35.90s!
20:31:23 [INFO] [GameBot.Core] 
==================== BẮT ĐẦU VÒNG #2 ====================
20:31:24 [INFO] [GameBot.Core] === [STATE] Vào Tab VIP7 ===
20:31:26 [INFO] [GameBot.Core] 👁️ [Tab VIP7] Màn hình đã xuất hiện 'vip7_tab' sau 1.20s (conf: 0.98) tại (852, 437)
20:31:26 [INFO] [GameBot.Core] [Click Tab VIP7] -> Tap tại điểm (852, 437)
20:31:29 [INFO] [GameBot.Vision] Frame (1080x1920) -> Điểm quét từng dòng: [0.418, 0.596, 0.621] (Dòng cao nhất: #3: 0.621)
20:31:29 [WARNING] [GameBot.Vision] Không có dòng nào đạt ngưỡng 0.80 (Điểm cao nhất: #3 = 0.621)
20:31:29 [INFO] [GameBot.Core] [VIP7] Không còn dòng Kim Cương nào chưa chơi (ngưỡng >= 0.80). Chuyển sang VIP9.
20:31:29 [INFO] [GameBot.Core] === [STATE] Vào Tab VIP9 ===
20:31:32 [INFO] [GameBot.Core] 👁️ [Tab VIP9] Màn hình đã xuất hiện 'vip9_tab' sau 1.31s (conf: 0.98) tại (991, 437)
20:31:32 [INFO] [GameBot.Core] [Click Tab VIP9] -> Tap tại điểm (991, 437)
20:31:34 [INFO] [GameBot.Vision] Frame (1080x1920) -> Điểm quét từng dòng: [0.957, 0.956, 0.856] (Dòng cao nhất: #1: 0.957)
20:31:34 [INFO] [GameBot.Core] 💎 [VIP9] Phát hiện Kim Cương ở DÒNG #1 (conf: 0.957 >= 0.80). Click tại (539, 1243)
20:31:34 [INFO] [GameBot.Core] [Click Center Row #1] -> Tap tại điểm (539, 1243)
20:31:35 [INFO] [GameBot.Core] --- [CHƠI DÒNG KIM CƯƠNG (VIP9)] Chuỗi tối đa 3 lượt nhận quà ---
20:31:37 [WARNING] [GameBot.Core] ⚠️ [VIP9] Dòng này đã hết lượt đổi / hết vật phẩm! Bấm OK tại (510, 1685) và chuyển dòng ngay.
20:31:37 [INFO] [GameBot.Core] [Click OK (Het luot doi)] -> Tap tại điểm (510, 1685)
20:31:38 [INFO] [GameBot.Core] ✅ Nút/Popup 'ok_btn' đã đóng hoàn toàn khỏi màn hình.
20:31:40 [INFO] [GameBot.Vision] Frame (1080x1920) -> Điểm quét từng dòng: [0.966, 0.862] (Dòng cao nhất: #1: 0.966)
20:31:40 [INFO] [GameBot.Core] 💎 [VIP9] Phát hiện Kim Cương ở DÒNG #2 (conf: 0.966 >= 0.80). Click tại (539, 1507)
20:31:40 [INFO] [GameBot.Core] [Click Center Row #2] -> Tap tại điểm (539, 1507)
20:31:41 [INFO] [GameBot.Core] --- [CHƠI DÒNG KIM CƯƠNG (VIP9)] Chuỗi tối đa 3 lượt nhận quà ---
20:31:43 [WARNING] [GameBot.Core] ⚠️ [VIP9] Dòng này đã hết lượt đổi / hết vật phẩm! Bấm OK tại (510, 1685) và chuyển dòng ngay.
20:31:43 [INFO] [GameBot.Core] [Click OK (Het luot doi)] -> Tap tại điểm (510, 1685)
20:31:44 [INFO] [GameBot.Core] ✅ Nút/Popup 'ok_btn' đã đóng hoàn toàn khỏi màn hình.
20:31:45 [INFO] [GameBot.Vision] Frame (1080x1920) -> Điểm quét từng dòng: [0.855] (Dòng cao nhất: #1: 0.855)
20:31:45 [INFO] [GameBot.Core] 💎 [VIP9] Phát hiện Kim Cương ở DÒNG #3 (conf: 0.855 >= 0.80). Click tại (539, 1685)
20:31:45 [INFO] [GameBot.Core] [Click Center Row #3] -> Tap tại điểm (539, 1685)
20:31:46 [INFO] [GameBot.Core] --- [CHƠI DÒNG KIM CƯƠNG (VIP9)] Chuỗi tối đa 3 lượt nhận quà ---
20:31:47 [INFO] [GameBot.Core] 🎲 [VIP9] Màn hình bàn cờ xúc xắc đã xuất hiện sẵn sàng.
20:31:47 [INFO] [GameBot.Core] 👉 [VIP9] Lượt chơi #1/3...
20:31:47 [INFO] [GameBot.Core] [EVEN] Chờ nút CHẴN (EVEN) xuất hiện trên màn hình...
20:31:49 [INFO] [GameBot.Core] 👁️ [Nút CHẴN (EVEN)] Màn hình đã xuất hiện 'even_btn' sau 2.02s (conf: 1.00) tại (945, 811)
20:31:49 [INFO] [GameBot.Core] [Select EVEN] -> Tap tại điểm (945, 811)
20:31:49 [INFO] [GameBot.Core] ⏳ Đang theo dõi màn hình chờ xúc xắc xong và nút Rút lui / Popup xuất hiện...
20:31:54 [INFO] [GameBot.Core] 🎉 [Nhận quà] Màn hình đã xuất hiện nút 'Rút lui' sau 4.83s (conf: 0.98) -> Bấm tại (537, 1209)
20:31:54 [INFO] [GameBot.Core] [Click Rut Lui] -> Tap tại điểm (537, 1209)
20:31:55 [INFO] [GameBot.Core] ✅ Nút/Popup 'rut_lui_btn' đã đóng hoàn toàn khỏi màn hình.
20:31:55 [INFO] [GameBot.Core] ✅ [VIP9] Hoàn thành xong lượt #1/3.
20:31:56 [INFO] [GameBot.Core] 👉 [VIP9] Lượt chơi #2/3...
20:31:56 [INFO] [GameBot.Core] [EVEN] Chờ nút CHẴN (EVEN) xuất hiện trên màn hình...
20:31:58 [INFO] [GameBot.Core] 👁️ [Nút CHẴN (EVEN)] Màn hình đã xuất hiện 'even_btn' sau 1.34s (conf: 1.00) tại (945, 811)
20:31:58 [INFO] [GameBot.Core] [Select EVEN] -> Tap tại điểm (945, 811)
20:31:58 [INFO] [GameBot.Core] ⏳ Đang theo dõi màn hình chờ xúc xắc xong và nút Rút lui / Popup xuất hiện...
20:32:03 [INFO] [GameBot.Core] 🎉 [Nhận quà] Màn hình đã xuất hiện nút 'Rút lui' sau 5.32s (conf: 0.97) -> Bấm tại (537, 1209)
20:32:03 [INFO] [GameBot.Core] [Click Rut Lui] -> Tap tại điểm (537, 1209)
20:32:04 [INFO] [GameBot.Core] ✅ Nút/Popup 'rut_lui_btn' đã đóng hoàn toàn khỏi màn hình.
20:32:04 [INFO] [GameBot.Core] ✅ [VIP9] Hoàn thành xong lượt #2/3.
20:32:06 [INFO] [GameBot.Core] 👉 [VIP9] Lượt chơi #3/3...
20:32:06 [INFO] [GameBot.Core] [EVEN] Chờ nút CHẴN (EVEN) xuất hiện trên màn hình...
20:32:07 [INFO] [GameBot.Core] 👁️ [Nút CHẴN (EVEN)] Màn hình đã xuất hiện 'even_btn' sau 1.21s (conf: 1.00) tại (945, 811)
20:32:07 [INFO] [GameBot.Core] [Select EVEN] -> Tap tại điểm (945, 811)
20:32:08 [INFO] [GameBot.Core] ⏳ Đang theo dõi màn hình chờ xúc xắc xong và nút Rút lui / Popup xuất hiện...
20:32:13 [INFO] [GameBot.Core] 🎉 [Nhận quà] Màn hình đã xuất hiện nút 'Rút lui' sau 5.28s (conf: 0.97) -> Bấm tại (537, 1209)
20:32:13 [INFO] [GameBot.Core] [Click Rut Lui] -> Tap tại điểm (537, 1209)
20:32:14 [INFO] [GameBot.Core] ✅ Nút/Popup 'rut_lui_btn' đã đóng hoàn toàn khỏi màn hình.
20:32:14 [INFO] [GameBot.Core] ✅ [VIP9] Hoàn thành xong lượt #3/3.
20:32:15 [INFO] [GameBot.Core] 🎉 [VIP9] Đã hoàn thành đủ 3/3 lượt nhận quà.
20:32:16 [INFO] [GameBot.Core] [VIP9] Cuộn khay item lên để kiểm tra Dòng 4...
20:32:18 [INFO] [GameBot.Core] [VIP9] Đang cuộn khay item lên: từ (540, 1728) -> (540, 1190)...
20:32:19 [INFO] [GameBot.Vision] Frame (1080x1920) -> Điểm quét từng dòng: [0.499] (Dòng cao nhất: #1: 0.499)
20:32:19 [WARNING] [GameBot.Vision] Không có dòng nào đạt ngưỡng 0.80 (Điểm cao nhất: #1 = 0.499)
20:32:19 [INFO] [GameBot.Core] [VIP9] Không có Kim Cương ở Dòng 4.
20:32:20 [INFO] [GameBot.Core] [VIP9] Đang cuộn khay item xuống lại đầu trang: từ (540, 1190) -> (540, 1728)...
20:32:21 [INFO] [GameBot.Core] === [STATE] Bấm Reset (Refresh) ===
20:32:23 [INFO] [GameBot.Core] ⏳ Chờ nút Reset xuất hiện trên màn hình...
20:32:24 [INFO] [GameBot.Core] 👁️ [Nút Reset (Refresh)] Màn hình đã xuất hiện 'reset_btn' sau 1.23s (conf: 0.98) tại (146, 448)
20:32:24 [INFO] [GameBot.Core] 🔄 Bấm nút Reset tại (146, 448)
20:32:24 [INFO] [GameBot.Core] [Reset Cycle] -> Tap tại điểm (146, 448)
20:32:24 [INFO] [GameBot.Core] ⏳ Đang theo dõi màn hình chờ nút OK xác nhận Reset xuất hiện...
20:32:28 [INFO] [GameBot.Core] ✅ Giao diện đã tự động làm mới về màn hình VIP.
20:32:30 [INFO] [GameBot.Core] ✅ Hoàn tất quá trình Reset.
20:32:30 [INFO] [GameBot.Core] ✅ Hoàn thành vòng #2 trong 66.72s!
20:32:30 [INFO] [GameBot.Core] 
==================== BẮT ĐẦU VÒNG #3 ====================
20:32:31 [INFO] [GameBot.Core] === [STATE] Vào Tab VIP7 ===
20:32:33 [INFO] [GameBot.Core] 👁️ [Tab VIP7] Màn hình đã xuất hiện 'vip7_tab' sau 1.34s (conf: 0.98) tại (852, 437)
20:32:33 [INFO] [GameBot.Core] [Click Tab VIP7] -> Tap tại điểm (852, 437)
20:32:36 [INFO] [GameBot.Vision] Frame (1080x1920) -> Điểm quét từng dòng: [0.608, 0.964, 0.604] (Dòng cao nhất: #2: 0.964)
20:32:36 [INFO] [GameBot.Core] 💎 [VIP7] Phát hiện Kim Cương ở DÒNG #2 (conf: 0.964 >= 0.80). Click tại (539, 1507)
20:32:36 [INFO] [GameBot.Core] [Click Center Row #2] -> Tap tại điểm (539, 1507)
20:32:37 [INFO] [GameBot.Core] --- [CHƠI DÒNG KIM CƯƠNG (VIP7)] Chuỗi tối đa 2 lượt nhận quà ---
20:32:38 [INFO] [GameBot.Core] 🎲 [VIP7] Màn hình bàn cờ xúc xắc đã xuất hiện sẵn sàng.
20:32:38 [INFO] [GameBot.Core] 👉 [VIP7] Lượt chơi #1/2...
20:32:38 [INFO] [GameBot.Core] [EVEN] Chờ nút CHẴN (EVEN) xuất hiện trên màn hình...
20:32:39 [INFO] [GameBot.Core] 👁️ [Nút CHẴN (EVEN)] Màn hình đã xuất hiện 'even_btn' sau 1.27s (conf: 1.00) tại (945, 811)
20:32:39 [INFO] [GameBot.Core] [Select EVEN] -> Tap tại điểm (945, 811)
20:32:40 [INFO] [GameBot.Core] ⏳ Đang theo dõi màn hình chờ xúc xắc xong và nút Rút lui / Popup xuất hiện...
20:32:46 [INFO] [GameBot.Core] 🎉 [Nhận quà] Màn hình đã xuất hiện nút 'Rút lui' sau 5.95s (conf: 0.97) -> Bấm tại (537, 1209)
20:32:46 [INFO] [GameBot.Core] [Click Rut Lui] -> Tap tại điểm (537, 1209)
20:32:47 [INFO] [GameBot.Core] ✅ Nút/Popup 'rut_lui_btn' đã đóng hoàn toàn khỏi màn hình.
20:32:47 [INFO] [GameBot.Core] ✅ [VIP7] Hoàn thành xong lượt #1/2.
20:32:48 [INFO] [GameBot.Core] 👉 [VIP7] Lượt chơi #2/2...
20:32:48 [INFO] [GameBot.Core] [EVEN] Chờ nút CHẴN (EVEN) xuất hiện trên màn hình...
20:32:49 [INFO] [GameBot.Core] 👁️ [Nút CHẴN (EVEN)] Màn hình đã xuất hiện 'even_btn' sau 1.21s (conf: 1.00) tại (945, 811)
20:32:49 [INFO] [GameBot.Core] [Select EVEN] -> Tap tại điểm (945, 811)
20:32:49 [INFO] [GameBot.Core] ⏳ Đang theo dõi màn hình chờ xúc xắc xong và nút Rút lui / Popup xuất hiện...
20:32:55 [INFO] [GameBot.Core] 🎉 [Nhận quà] Màn hình đã xuất hiện nút 'Rút lui' sau 5.49s (conf: 0.97) -> Bấm tại (537, 1209)
20:32:55 [INFO] [GameBot.Core] [Click Rut Lui] -> Tap tại điểm (537, 1209)
20:32:56 [INFO] [GameBot.Core] ✅ Nút/Popup 'rut_lui_btn' đã đóng hoàn toàn khỏi màn hình.
20:32:56 [INFO] [GameBot.Core] ✅ [VIP7] Hoàn thành xong lượt #2/2.
20:32:57 [INFO] [GameBot.Core] 🎉 [VIP7] Đã hoàn thành đủ 2/2 lượt nhận quà.
20:33:00 [INFO] [GameBot.Vision] Frame (1080x1920) -> Điểm quét từng dòng: [0.704, 0.608] (Dòng cao nhất: #1: 0.704)
20:33:00 [WARNING] [GameBot.Vision] Không có dòng nào đạt ngưỡng 0.80 (Điểm cao nhất: #1 = 0.704)
20:33:00 [INFO] [GameBot.Core] [VIP7] Không còn dòng Kim Cương nào chưa chơi (ngưỡng >= 0.80). Chuyển sang VIP9.
20:33:00 [INFO] [GameBot.Core] === [STATE] Vào Tab VIP9 ===
20:33:03 [INFO] [GameBot.Core] 👁️ [Tab VIP9] Màn hình đã xuất hiện 'vip9_tab' sau 1.24s (conf: 0.98) tại (991, 437)
20:33:03 [INFO] [GameBot.Core] [Click Tab VIP9] -> Tap tại điểm (991, 437)
20:33:06 [INFO] [GameBot.Vision] Frame (1080x1920) -> Điểm quét từng dòng: [0.962, 0.524, 0.287] (Dòng cao nhất: #1: 0.962)
20:33:06 [INFO] [GameBot.Core] 💎 [VIP9] Phát hiện Kim Cương ở DÒNG #1 (conf: 0.962 >= 0.80). Click tại (539, 1243)
20:33:06 [INFO] [GameBot.Core] [Click Center Row #1] -> Tap tại điểm (539, 1243)
20:33:07 [INFO] [GameBot.Core] --- [CHƠI DÒNG KIM CƯƠNG (VIP9)] Chuỗi tối đa 3 lượt nhận quà ---
20:33:08 [INFO] [GameBot.Core] 🎲 [VIP9] Màn hình bàn cờ xúc xắc đã xuất hiện sẵn sàng.
20:33:08 [INFO] [GameBot.Core] 👉 [VIP9] Lượt chơi #1/3...
20:33:08 [INFO] [GameBot.Core] [EVEN] Chờ nút CHẴN (EVEN) xuất hiện trên màn hình...
20:33:10 [INFO] [GameBot.Core] 👁️ [Nút CHẴN (EVEN)] Màn hình đã xuất hiện 'even_btn' sau 1.31s (conf: 1.00) tại (945, 811)
20:33:10 [INFO] [GameBot.Core] [Select EVEN] -> Tap tại điểm (945, 811)
20:33:10 [INFO] [GameBot.Core] ⏳ Đang theo dõi màn hình chờ xúc xắc xong và nút Rút lui / Popup xuất hiện...
20:33:17 [INFO] [GameBot.Core] 🎉 [Nhận quà] Màn hình đã xuất hiện nút 'Rút lui' sau 7.23s (conf: 0.97) -> Bấm tại (537, 1209)
20:33:17 [INFO] [GameBot.Core] [Click Rut Lui] -> Tap tại điểm (537, 1209)
20:33:18 [INFO] [GameBot.Core] ✅ Nút/Popup 'rut_lui_btn' đã đóng hoàn toàn khỏi màn hình.
20:33:18 [INFO] [GameBot.Core] ✅ [VIP9] Hoàn thành xong lượt #1/3.
20:33:19 [INFO] [GameBot.Core] 👉 [VIP9] Lượt chơi #2/3...
20:33:19 [INFO] [GameBot.Core] [EVEN] Chờ nút CHẴN (EVEN) xuất hiện trên màn hình...
20:33:21 [INFO] [GameBot.Core] 👁️ [Nút CHẴN (EVEN)] Màn hình đã xuất hiện 'even_btn' sau 1.67s (conf: 1.00) tại (945, 811)
20:33:21 [INFO] [GameBot.Core] [Select EVEN] -> Tap tại điểm (945, 811)
20:33:21 [INFO] [GameBot.Core] ⏳ Đang theo dõi màn hình chờ xúc xắc xong và nút Rút lui / Popup xuất hiện...
20:33:29 [INFO] [GameBot.Core] 🎉 [Nhận quà] Màn hình đã xuất hiện nút 'Rút lui' sau 7.36s (conf: 0.97) -> Bấm tại (537, 1209)
20:33:29 [INFO] [GameBot.Core] [Click Rut Lui] -> Tap tại điểm (537, 1209)
20:33:30 [INFO] [GameBot.Core] ✅ Nút/Popup 'rut_lui_btn' đã đóng hoàn toàn khỏi màn hình.
20:33:30 [INFO] [GameBot.Core] ✅ [VIP9] Hoàn thành xong lượt #2/3.
20:33:31 [INFO] [GameBot.Core] 👉 [VIP9] Lượt chơi #3/3...
20:33:31 [INFO] [GameBot.Core] [EVEN] Chờ nút CHẴN (EVEN) xuất hiện trên màn hình...
20:33:33 [INFO] [GameBot.Core] 👁️ [Nút CHẴN (EVEN)] Màn hình đã xuất hiện 'even_btn' sau 1.98s (conf: 1.00) tại (945, 811)
20:33:33 [INFO] [GameBot.Core] [Select EVEN] -> Tap tại điểm (945, 811)
20:33:34 [INFO] [GameBot.Core] ⏳ Đang theo dõi màn hình chờ xúc xắc xong và nút Rút lui / Popup xuất hiện...
20:33:38 [INFO] [GameBot.Core] 🎉 [Nhận quà] Màn hình đã xuất hiện nút 'Rút lui' sau 4.13s (conf: 0.95) -> Bấm tại (537, 1209)
20:33:38 [INFO] [GameBot.Core] [Click Rut Lui] -> Tap tại điểm (537, 1209)
20:33:39 [INFO] [GameBot.Core] ✅ Nút/Popup 'rut_lui_btn' đã đóng hoàn toàn khỏi màn hình.
20:33:39 [INFO] [GameBot.Core] ✅ [VIP9] Hoàn thành xong lượt #3/3.
20:33:40 [INFO] [GameBot.Core] 🎉 [VIP9] Đã hoàn thành đủ 3/3 lượt nhận quà.
20:33:43 [INFO] [GameBot.Vision] Frame (1080x1920) -> Điểm quét từng dòng: [0.532, 0.548] (Dòng cao nhất: #2: 0.548)
20:33:43 [WARNING] [GameBot.Vision] Không có dòng nào đạt ngưỡng 0.80 (Điểm cao nhất: #2 = 0.548)
20:33:43 [INFO] [GameBot.Core] [VIP9] Không còn dòng Kim Cương nào ở các dòng đầu (ngưỡng >= 0.80).
20:33:43 [INFO] [GameBot.Core] [VIP9] Cuộn khay item lên để kiểm tra Dòng 4...
20:33:44 [INFO] [GameBot.Core] [VIP9] Đang cuộn khay item lên: từ (540, 1728) -> (540, 1190)...
20:33:46 [INFO] [GameBot.Vision] Frame (1080x1920) -> Điểm quét từng dòng: [0.956] (Dòng cao nhất: #1: 0.956)
20:33:46 [INFO] [GameBot.Core] 💎 [VIP9] Phát hiện Kim Cương ở DÒNG 4 (conf: 0.956 >= 0.80). Click tại (539, 1685)
20:33:46 [INFO] [GameBot.Core] [Click Row 4] -> Tap tại điểm (539, 1685)
20:33:47 [INFO] [GameBot.Core] --- [CHƠI DÒNG KIM CƯƠNG (VIP9)] Chuỗi tối đa 3 lượt nhận quà ---
20:33:48 [INFO] [GameBot.Core] 🎲 [VIP9] Màn hình bàn cờ xúc xắc đã xuất hiện sẵn sàng.
20:33:48 [INFO] [GameBot.Core] 👉 [VIP9] Lượt chơi #1/3...
20:33:48 [INFO] [GameBot.Core] [EVEN] Chờ nút CHẴN (EVEN) xuất hiện trên màn hình...
20:33:50 [INFO] [GameBot.Core] 👁️ [Nút CHẴN (EVEN)] Màn hình đã xuất hiện 'even_btn' sau 1.16s (conf: 1.00) tại (945, 811)
20:33:50 [INFO] [GameBot.Core] [Select EVEN] -> Tap tại điểm (945, 811)
20:33:50 [INFO] [GameBot.Core] ⏳ Đang theo dõi màn hình chờ xúc xắc xong và nút Rút lui / Popup xuất hiện...
20:33:57 [INFO] [GameBot.Core] 🎉 [Nhận quà] Màn hình đã xuất hiện nút 'Rút lui' sau 6.53s (conf: 0.97) -> Bấm tại (537, 1209)
20:33:57 [INFO] [GameBot.Core] [Click Rut Lui] -> Tap tại điểm (537, 1209)
20:33:58 [INFO] [GameBot.Core] ✅ Nút/Popup 'rut_lui_btn' đã đóng hoàn toàn khỏi màn hình.
20:33:58 [INFO] [GameBot.Core] ✅ [VIP9] Hoàn thành xong lượt #1/3.
20:33:59 [INFO] [GameBot.Core] 👉 [VIP9] Lượt chơi #2/3...
20:33:59 [INFO] [GameBot.Core] [EVEN] Chờ nút CHẴN (EVEN) xuất hiện trên màn hình...
20:34:01 [INFO] [GameBot.Core] 👁️ [Nút CHẴN (EVEN)] Màn hình đã xuất hiện 'even_btn' sau 2.08s (conf: 1.00) tại (945, 811)
20:34:01 [INFO] [GameBot.Core] [Select EVEN] -> Tap tại điểm (945, 811)
20:34:02 [INFO] [GameBot.Core] ⏳ Đang theo dõi màn hình chờ xúc xắc xong và nút Rút lui / Popup xuất hiện...
20:34:06 [INFO] [GameBot.Core] 🎉 [Nhận quà] Màn hình đã xuất hiện nút 'Rút lui' sau 4.25s (conf: 0.97) -> Bấm tại (537, 1209)
20:34:06 [INFO] [GameBot.Core] [Click Rut Lui] -> Tap tại điểm (537, 1209)
20:34:07 [INFO] [GameBot.Core] ✅ Nút/Popup 'rut_lui_btn' đã đóng hoàn toàn khỏi màn hình.
20:34:07 [INFO] [GameBot.Core] ✅ [VIP9] Hoàn thành xong lượt #2/3.
20:34:09 [INFO] [GameBot.Core] 👉 [VIP9] Lượt chơi #3/3...
20:34:09 [INFO] [GameBot.Core] [EVEN] Chờ nút CHẴN (EVEN) xuất hiện trên màn hình...
20:34:11 [INFO] [GameBot.Core] 👁️ [Nút CHẴN (EVEN)] Màn hình đã xuất hiện 'even_btn' sau 2.48s (conf: 1.00) tại (945, 811)
20:34:11 [INFO] [GameBot.Core] [Select EVEN] -> Tap tại điểm (945, 811)
20:34:11 [INFO] [GameBot.Core] ⏳ Đang theo dõi màn hình chờ xúc xắc xong và nút Rút lui / Popup xuất hiện...
20:34:17 [INFO] [GameBot.Core] 🎉 [Nhận quà] Màn hình đã xuất hiện nút 'Rút lui' sau 5.42s (conf: 0.97) -> Bấm tại (537, 1209)
20:34:17 [INFO] [GameBot.Core] [Click Rut Lui] -> Tap tại điểm (537, 1209)
20:34:18 [INFO] [GameBot.Core] ✅ Nút/Popup 'rut_lui_btn' đã đóng hoàn toàn khỏi màn hình.
20:34:18 [INFO] [GameBot.Core] ✅ [VIP9] Hoàn thành xong lượt #3/3.
20:34:19 [INFO] [GameBot.Core] 🎉 [VIP9] Đã hoàn thành đủ 3/3 lượt nhận quà.
20:34:21 [INFO] [GameBot.Core] [VIP9] Đang cuộn khay item xuống lại đầu trang: từ (540, 1190) -> (540, 1728)...
20:34:22 [INFO] [GameBot.Core] === [STATE] Bấm Reset (Refresh) ===
20:34:23 [INFO] [GameBot.Core] ⏳ Chờ nút Reset xuất hiện trên màn hình...
20:34:25 [INFO] [GameBot.Core] 👁️ [Nút Reset (Refresh)] Màn hình đã xuất hiện 'reset_btn' sau 1.54s (conf: 0.98) tại (146, 448)
20:34:25 [INFO] [GameBot.Core] 🔄 Bấm nút Reset tại (146, 448)
20:34:25 [INFO] [GameBot.Core] [Reset Cycle] -> Tap tại điểm (146, 448)
20:34:25 [INFO] [GameBot.Core] ⏳ Đang theo dõi màn hình chờ nút OK xác nhận Reset xuất hiện...
20:34:30 [INFO] [GameBot.Core] ✅ Giao diện đã tự động làm mới về màn hình VIP.
20:34:32 [INFO] [GameBot.Core] ✅ Hoàn tất quá trình Reset.
20:34:32 [INFO] [GameBot.Core] ✅ Hoàn thành vòng #3 trong 121.65s!
20:34:32 [INFO] [GameBot.Core] 
==================== BẮT ĐẦU VÒNG #4 ====================
20:34:33 [INFO] [GameBot.Core] === [STATE] Vào Tab VIP7 ===
20:34:36 [INFO] [GameBot.Core] 👁️ [Tab VIP7] Màn hình đã xuất hiện 'vip7_tab' sau 2.37s (conf: 0.98) tại (852, 437)
20:34:36 [INFO] [GameBot.Core] [Click Tab VIP7] -> Tap tại điểm (852, 437)
20:34:40 [INFO] [GameBot.Vision] Frame (1080x1920) -> Điểm quét từng dòng: [0.704, 0.32, 0.606] (Dòng cao nhất: #1: 0.704)
20:34:40 [WARNING] [GameBot.Vision] Không có dòng nào đạt ngưỡng 0.80 (Điểm cao nhất: #1 = 0.704)
20:34:40 [INFO] [GameBot.Core] [VIP7] Không còn dòng Kim Cương nào chưa chơi (ngưỡng >= 0.80). Chuyển sang VIP9.
20:34:40 [INFO] [GameBot.Core] === [STATE] Vào Tab VIP9 ===
20:34:43 [INFO] [GameBot.Core] 👁️ [Tab VIP9] Màn hình đã xuất hiện 'vip9_tab' sau 1.93s (conf: 0.98) tại (991, 437)
20:34:43 [INFO] [GameBot.Core] [Click Tab VIP9] -> Tap tại điểm (991, 437)
20:34:46 [INFO] [GameBot.Vision] Frame (1080x1920) -> Điểm quét từng dòng: [0.962, 0.396, 0.286] (Dòng cao nhất: #1: 0.962)
20:34:46 [INFO] [GameBot.Core] 💎 [VIP9] Phát hiện Kim Cương ở DÒNG #1 (conf: 0.962 >= 0.80). Click tại (539, 1243)
20:34:46 [INFO] [GameBot.Core] [Click Center Row #1] -> Tap tại điểm (539, 1243)
20:34:47 [INFO] [GameBot.Core] --- [CHƠI DÒNG KIM CƯƠNG (VIP9)] Chuỗi tối đa 3 lượt nhận quà ---
20:34:49 [INFO] [GameBot.Core] 🎲 [VIP9] Màn hình bàn cờ xúc xắc đã xuất hiện sẵn sàng.
20:34:49 [INFO] [GameBot.Core] 👉 [VIP9] Lượt chơi #1/3...
20:34:49 [INFO] [GameBot.Core] [EVEN] Chờ nút CHẴN (EVEN) xuất hiện trên màn hình...
20:34:51 [INFO] [GameBot.Core] 👁️ [Nút CHẴN (EVEN)] Màn hình đã xuất hiện 'even_btn' sau 2.22s (conf: 1.00) tại (945, 811)
20:34:51 [INFO] [GameBot.Core] [Select EVEN] -> Tap tại điểm (945, 811)
20:34:51 [INFO] [GameBot.Core] ⏳ Đang theo dõi màn hình chờ xúc xắc xong và nút Rút lui / Popup xuất hiện...
20:34:59 [INFO] [GameBot.Core] 🎉 [Nhận quà] Màn hình đã xuất hiện nút 'Rút lui' sau 7.26s (conf: 0.98) -> Bấm tại (537, 1209)
20:34:59 [INFO] [GameBot.Core] [Click Rut Lui] -> Tap tại điểm (537, 1209)
20:35:00 [INFO] [GameBot.Core] ✅ Nút/Popup 'rut_lui_btn' đã đóng hoàn toàn khỏi màn hình.
20:35:00 [INFO] [GameBot.Core] ✅ [VIP9] Hoàn thành xong lượt #1/3.
20:35:02 [INFO] [GameBot.Core] 👉 [VIP9] Lượt chơi #2/3...
20:35:02 [INFO] [GameBot.Core] [EVEN] Chờ nút CHẴN (EVEN) xuất hiện trên màn hình...
20:35:04 [INFO] [GameBot.Core] 👁️ [Nút CHẴN (EVEN)] Màn hình đã xuất hiện 'even_btn' sau 2.29s (conf: 1.00) tại (945, 811)
20:35:04 [INFO] [GameBot.Core] [Select EVEN] -> Tap tại điểm (945, 811)
20:35:04 [INFO] [GameBot.Core] ⏳ Đang theo dõi màn hình chờ xúc xắc xong và nút Rút lui / Popup xuất hiện...
20:35:12 [INFO] [GameBot.Core] 🎉 [Nhận quà] Màn hình đã xuất hiện nút 'Rút lui' sau 7.19s (conf: 0.98) -> Bấm tại (537, 1209)
20:35:12 [INFO] [GameBot.Core] [Click Rut Lui] -> Tap tại điểm (537, 1209)
20:35:14 [INFO] [GameBot.Core] ✅ Nút/Popup 'rut_lui_btn' đã đóng hoàn toàn khỏi màn hình.
20:35:14 [INFO] [GameBot.Core] ✅ [VIP9] Hoàn thành xong lượt #2/3.
20:35:15 [INFO] [GameBot.Core] 👉 [VIP9] Lượt chơi #3/3...
20:35:15 [INFO] [GameBot.Core] [EVEN] Chờ nút CHẴN (EVEN) xuất hiện trên màn hình...
20:35:17 [INFO] [GameBot.Core] 👁️ [Nút CHẴN (EVEN)] Màn hình đã xuất hiện 'even_btn' sau 1.99s (conf: 1.00) tại (945, 811)
20:35:17 [INFO] [GameBot.Core] [Select EVEN] -> Tap tại điểm (945, 811)
20:35:17 [INFO] [GameBot.Core] ⏳ Đang theo dõi màn hình chờ xúc xắc xong và nút Rút lui / Popup xuất hiện...
20:35:21 [INFO] [GameBot.Core] 🎉 [Nhận quà] Màn hình đã xuất hiện nút 'Rút lui' sau 4.20s (conf: 0.95) -> Bấm tại (537, 1209)
20:35:21 [INFO] [GameBot.Core] [Click Rut Lui] -> Tap tại điểm (537, 1209)
20:35:23 [INFO] [GameBot.Core] ✅ Nút/Popup 'rut_lui_btn' đã đóng hoàn toàn khỏi màn hình.
20:35:23 [INFO] [GameBot.Core] ✅ [VIP9] Hoàn thành xong lượt #3/3.
20:35:24 [INFO] [GameBot.Core] 🎉 [VIP9] Đã hoàn thành đủ 3/3 lượt nhận quà.
20:35:27 [INFO] [GameBot.Vision] Frame (1080x1920) -> Điểm quét từng dòng: [0.349, 0.608] (Dòng cao nhất: #2: 0.608)
20:35:27 [WARNING] [GameBot.Vision] Không có dòng nào đạt ngưỡng 0.80 (Điểm cao nhất: #2 = 0.608)
20:35:27 [INFO] [GameBot.Core] [VIP9] Không còn dòng Kim Cương nào ở các dòng đầu (ngưỡng >= 0.80).
20:35:27 [INFO] [GameBot.Core] [VIP9] Cuộn khay item lên để kiểm tra Dòng 4...
20:35:28 [INFO] [GameBot.Core] [VIP9] Đang cuộn khay item lên: từ (540, 1728) -> (540, 1190)...
20:35:29 [INFO] [GameBot.Vision] Frame (1080x1920) -> Điểm quét từng dòng: [0.258] (Dòng cao nhất: #1: 0.258)
20:35:29 [WARNING] [GameBot.Vision] Không có dòng nào đạt ngưỡng 0.80 (Điểm cao nhất: #1 = 0.258)
20:35:29 [INFO] [GameBot.Core] [VIP9] Không có Kim Cương ở Dòng 4.
20:35:31 [INFO] [GameBot.Core] [VIP9] Đang cuộn khay item xuống lại đầu trang: từ (540, 1190) -> (540, 1728)...
20:35:31 [INFO] [GameBot.Core] === [STATE] Bấm Reset (Refresh) ===
20:35:33 [INFO] [GameBot.Core] ⏳ Chờ nút Reset xuất hiện trên màn hình...
20:35:34 [INFO] [GameBot.Core] 👁️ [Nút Reset (Refresh)] Màn hình đã xuất hiện 'reset_btn' sau 1.44s (conf: 0.98) tại (146, 448)
20:35:34 [INFO] [GameBot.Core] 🔄 Bấm nút Reset tại (146, 448)
20:35:34 [INFO] [GameBot.Core] [Reset Cycle] -> Tap tại điểm (146, 448)
20:35:34 [INFO] [GameBot.Core] ⏳ Đang theo dõi màn hình chờ nút OK xác nhận Reset xuất hiện...
20:35:38 [INFO] [GameBot.Core] ✅ Giao diện đã tự động làm mới về màn hình VIP.
20:35:40 [INFO] [GameBot.Core] 🔔 [Popup Warrior Gem] Đang xuất hiện tại (510, 1685) -> Bấm OK!
20:35:40 [INFO] [GameBot.Core] [Click OK (Warrior Gem)] -> Tap tại điểm (510, 1685)
20:35:42 [INFO] [GameBot.Core] ✅ Nút/Popup 'ok_btn' đã đóng hoàn toàn khỏi màn hình.
20:35:42 [INFO] [GameBot.Core] Nhận tín hiệu dừng từ người dùng.
20:35:42 [INFO] [GameBot.Core] Tổng kết: Hoàn thành 4 vòng | Thành công: 3
20:35:42 [INFO] [GameBot.Core] Đang dừng GameBot...
20:35:42 [INFO] [GameBot.Capture] FastCapture đã dừng.
20:35:42 [INFO] [GameBot.Core] GameBot đã dừng.
